"kind","id","name","type","sourceName","group","url","ok","titleOk","posterOk","playOk","qualityOk","qualityLabel","maxHeight","maxBandwidth","variants","status","playStatus","elapsedMs","error"
"source","all-on-demand-sources-豆瓣资源-https-dbzy-tv-api-php-provide-vod-2","豆瓣资源｜追劇","1","","","https://dbzy.tv/api.php/provide/vod/","true","","","","","","","","","200","","1163",""
"source","all-on-demand-sources-天涯资源-https-tyyszy-com-api-php-provide-vod-3","天涯资源｜追劇","1","","","https://tyyszy.com/api.php/provide/vod/","true","","","","","","","","","200","","442",""
"source","all-on-demand-sources-黑料资源-https-www-heiliaozyapi-com-api-php-provide-vod-57","黑料资源｜追劇","1","","","https://www.heiliaozyapi.com/api.php/provide/vod/","true","","","","","","","","","200","","546",""
"source","all-on-demand-sources-精品资源-https-www-jingpinx-com-api-php-provide-vod-60","精品资源｜追劇","1","","","https://www.jingpinx.com/api.php/provide/vod/","true","","","","","","","","","200","","1276",""
"source","all-on-demand-sources-155-资源-https-155api-com-api-php-provide-vod-6","155-资源｜追劇","1","","","https://155api.com/api.php/provide/vod/","true","","","","","","","","","200","","944",""
"source","all-on-demand-sources-茅台资源-https-caiji-maotaizy-cc-api-php-provide-vod-3","茅台资源｜追劇","1","","","https://caiji.maotaizy.cc/api.php/provide/vod/","true","","","","","","","","","200","","1095",""
"source","all-on-demand-sources-ikun资源-https-ikunzyapi-com-api-php-provide-vod-5","iKun资源｜追劇","1","","","https://ikunzyapi.com/api.php/provide/vod/","true","","","","","","","","","200","","826",""
"source","all-on-demand-sources-电影天堂-http-caiji-dyttzyapi-com-api-php-provide-vod-6","电影天堂｜追劇","1","","","http://caiji.dyttzyapi.com/api.php/provide/vod/","true","","","","","","","","","200","","435",""
"source","all-on-demand-sources-猫眼资源-https-api-maoyanapi-top-api-php-provide-vod-7","猫眼资源｜追劇","1","","","https://api.maoyanapi.top/api.php/provide/vod/","true","","","","","","","","","200","","142",""
"source","all-on-demand-sources-量子资源-https-cj-lzcaiji-com-api-php-provide-vod-8","量子资源｜追劇","1","","","https://cj.lzcaiji.com/api.php/provide/vod/","true","","","","","","","","","200","","732",""
"source","all-on-demand-sources-360资源-https-360zyzz-com-api-php-provide-vod-9","360 资源｜追劇","1","","","https://360zyzz.com/api.php/provide/vod/","true","","","","","","","","","200","","801",""
"source","current-vod-url-极速资源-https-jszyapi-com-api-php-provide-vod-13","极速资源｜追劇","1","","","https://jszyapi.com/api.php/provide/vod/","true","","","","","","","","","200","","1463",""
"source","all-on-demand-sources-魔都资源-https-www-mdzyapi-com-api-php-provide-vod-11","魔都资源｜追劇","1","","","https://www.mdzyapi.com/api.php/provide/vod/","true","","","","","","","","","200","","718",""
"source","all-on-demand-sources-非凡资源-https-api-ffzyapi-com-api-php-provide-vod-12","非凡资源｜追劇","1","","","https://api.ffzyapi.com/api.php/provide/vod/","true","","","","","","","","","200","","882",""
"source","all-on-demand-sources-暴风资源-https-bfzyapi-com-api-php-provide-vod-13","暴风资源｜追劇","1","","","https://bfzyapi.com/api.php/provide/vod/","true","","","","","","","","","200","","686",""
"source","all-on-demand-sources-最大资源-https-api-zuidapi-com-api-php-provide-vod-14","最大资源｜追劇","1","","","https://api.zuidapi.com/api.php/provide/vod/","true","","","","","","","","","200","","623",""
"source","all-on-demand-sources-无尽资源-https-api-wujinapi-me-api-php-provide-vod-15","无尽资源｜追劇","1","","","https://api.wujinapi.me/api.php/provide/vod/","true","","","","","","","","","200","","368",""
"source","all-on-demand-sources-新浪资源-https-api-xinlangapi-com-xinlangapi-php-provide-vod-16","新浪资源｜追劇","1","","","https://api.xinlangapi.com/xinlangapi.php/provide/vod/","true","","","","","","","","","200","","1708",""
"source","all-on-demand-sources-速播资源-https-subocaiji-com-api-php-provide-vod-18","速播资源｜追劇","1","","","https://subocaiji.com/api.php/provide/vod/","true","","","","","","","","","200","","976",""
"source","all-on-demand-sources-飘零资源-https-p2100-net-api-php-provide-vod-20","飘零资源｜追劇","1","","","https://p2100.net/api.php/provide/vod/","true","","","","","","","","","200","","827",""
"source","all-on-demand-sources-u酷影视-https-api-ukuapi88-com-api-php-provide-vod-21","U酷影视｜追劇","1","","","https://api.ukuapi88.com/api.php/provide/vod/","true","","","","","","","","","200","","908",""
"source","all-on-demand-sources-光速资源-https-api-guangsuapi-com-api-php-provide-vod-22","光速资源｜追劇","1","","","https://api.guangsuapi.com/api.php/provide/vod/","true","","","","","","","","","200","","1677",""
"source","all-on-demand-sources-红牛资源-https-www-hongniuzy2-com-api-php-provide-vod-23","红牛资源｜追劇","1","","","https://www.hongniuzy2.com/api.php/provide/vod/","true","","","","","","","","","200","","848",""
"source","all-on-demand-sources-魔都动漫-https-caiji-moduapi-cc-api-php-provide-vod-24","魔都动漫｜追劇","1","","","https://caiji.moduapi.cc/api.php/provide/vod/","true","","","","","","","","","200","","726",""
"source","all-on-demand-sources-如意资源-https-pz-v88-qzz-io-url-https-cj-rycjapi-com-api-php-provide-vod-25","如意资源｜追劇","1","","","https://pz.v88.qzz.io/?url=https://cj.rycjapi.com/api.php/provide/vod","true","","","","","","","","","200","","983",""
"source","all-on-demand-sources-量子影视-https-cj-lziapi-com-api-php-provide-vod-29","量子影视｜追劇","1","","","https://cj.lziapi.com/api.php/provide/vod/","true","","","","","","","","","200","","589",""
"source","all-on-demand-sources-最大点播-https-zuidazy-me-api-php-provide-vod-30","最大点播｜追劇","1","","","https://zuidazy.me/api.php/provide/vod/","true","","","","","","","","","200","","598",""
"source","all-on-demand-sources-无尽影视-https-api-wujinapi-com-api-php-provide-vod-31","无尽影视｜追劇","1","","","https://api.wujinapi.com/api.php/provide/vod/","true","","","","","","","","","200","","637",""
"source","all-on-demand-sources-优质资源-https-api-yzzy-api-com-inc-apijson-php-33","优质资源｜追劇","1","","","https://api.yzzy-api.com/inc/apijson.php","true","","","","","","","","","200","","780",""
"source","all-on-demand-sources-虎牙资源-https-www-huyaapi-com-api-php-provide-vod-34","虎牙资源｜追劇","1","","","https://www.huyaapi.com/api.php/provide/vod/","true","","","","","","","","","200","","1426",""
"source","all-on-demand-sources-鸭鸭资源-https-cj-yayazy-net-api-php-provide-vod-35","鸭鸭资源｜追劇","1","","","https://cj.yayazy.net/api.php/provide/vod/","true","","","","","","","","","200","","715",""
"source","all-on-demand-sources-索尼资源-https-suoniapi-com-api-php-provide-vod-36","索尼资源｜追劇","1","","","https://suoniapi.com/api.php/provide/vod/","true","","","","","","","","","200","","204",""
"source","all-on-demand-sources-快车资源-https-caiji-kuaichezy-org-api-php-provide-vod-37","快车资源｜追劇","1","","","https://caiji.kuaichezy.org/api.php/provide/vod/","true","","","","","","","","","200","","653",""
"source","all-on-demand-sources-闪电资源-https-xsd-sdzyapi-com-api-php-provide-vod-38","闪电资源｜追劇","1","","","https://xsd.sdzyapi.com/api.php/provide/vod/","true","","","","","","","","","200","","690",""
"source","all-on-demand-sources-樱花资源-https-m3u8-apiyhzy-com-api-php-provide-vod-39","樱花资源｜追劇","1","","","https://m3u8.apiyhzy.com/api.php/provide/vod/","true","","","","","","","","","200","","373",""
"source","all-on-demand-sources-麻豆视频-https-91md-me-api-php-provide-vod-40","麻豆视频｜追劇","1","","","https://91md.me/api.php/provide/vod/","true","","","","","","","","","200","","2045",""
"source","all-on-demand-sources-aivin-http-lbapiby-com-api-php-provide-vod-41","AIvin｜追劇","1","","","http://lbapiby.com/api.php/provide/vod/","true","","","","","","","","","200","","669",""
"source","all-on-demand-sources-玉兔资源-https-apiyutu-com-api-php-provide-vod-43","玉兔资源｜追劇","1","","","https://apiyutu.com/api.php/provide/vod/","true","","","","","","","","","200","","648",""
"source","all-on-demand-sources-番号资源-http-fhapi9-com-api-php-provide-vod-44","番号资源｜追劇","1","","","http://fhapi9.com/api.php/provide/vod/","true","","","","","","","","","200","","663",""
"source","all-on-demand-sources-老色逼-https-apilsbzy1-com-api-php-provide-vod-45","老色逼｜追劇","1","","","https://apilsbzy1.com/api.php/provide/vod/","true","","","","","","","","","200","","836",""
"source","all-on-demand-sources-小鸡资源-https-api-xiaojizy-live-provide-vod-46","小鸡资源｜追劇","1","","","https://api.xiaojizy.live/provide/vod/","true","","","","","","","","","200","","534",""
"source","all-on-demand-sources-黄色仓库-https-hsckzy-xyz-api-php-provide-vod-47","黄色仓库｜追劇","1","","","https://hsckzy.xyz/api.php/provide/vod/","true","","","","","","","","","200","","621",""
"source","current-vod-url-大奶子-https-apidanaizi-com-api-php-provide-vod-44","大奶子｜追劇","1","","","https://apidanaizi.com/api.php/provide/vod/","true","","","","","","","","","200","","737",""
"source","all-on-demand-sources-jkun资源-https-jkunzyapi-com-api-php-provide-vod-49","jkun资源｜追劇","1","","","https://jkunzyapi.com/api.php/provide/vod/","true","","","","","","","","","200","","624",""
"source","all-on-demand-sources-乐播资源-https-lbapi9-com-api-php-provide-vod-50","乐播资源｜追劇","1","","","https://lbapi9.com/api.php/provide/vod/","true","","","","","","","","","200","","649",""
"source","all-on-demand-sources-奶香资源-https-naixxzy-com-api-php-provide-vod-51","奶香资源｜追劇","1","","","https://Naixxzy.com/api.php/provide/vod/","true","","","","","","","","","200","","554",""
"source","all-on-demand-sources-森林资源-https-beiyong-slapibf-com-api-php-provide-vod-52","森林资源｜追劇","1","","","https://beiyong.slapibf.com/api.php/provide/vod/","true","","","","","","","","","200","","722",""
"source","all-on-demand-sources-豆豆资源-https-api-douapi-cc-api-php-provide-vod-55","豆豆资源｜追劇","1","","","https://api.douapi.cc/api.php/provide/vod/","true","","","","","","","","","200","","701",""
"source","all-on-demand-sources-滴滴资源-https-api-ddapi-cc-api-php-provide-vod-56","滴滴资源｜追劇","1","","","https://api.ddapi.cc/api.php/provide/vod/","true","","","","","","","","","200","","746",""
"source","all-on-demand-sources-桃花资源-https-thzy1-me-api-php-provide-vod-59","桃花资源｜追劇","1","","","https://thzy1.me/api.php/provide/vod/","true","","","","","","","","","200","","1191",""
"source","all-on-demand-sources-ck-资源-https-ckzy-me-api-php-provide-vod-61","CK-资源｜追劇","1","","","https://ckzy.me/api.php/provide/vod/","true","","","","","","","","","200","","825",""
"source","all-on-demand-sources-souavzy-https-api-souavzyw-net-api-php-provide-vod-62","souavZY｜追劇","1","","","https://api.souavzyw.net/api.php/provide/vod/","true","","","","","","","","","200","","655",""
"source","tvbox-细胞资源-https-www-xxibaozyw-com-api-php-provide-vod-59","细胞资源｜追劇","1","","","https://www.xxibaozyw.com/api.php/provide/vod/","true","","","","","","","","","200","","615",""
"source","current-vod-url-香蕉资源-https-www-xiangjiaozyw-com-api-php-provide-vod-55","香蕉资源｜追劇","1","","","https://www.xiangjiaozyw.com/api.php/provide/vod/","true","","","","","","","","","200","","1032",""
"source","all-on-demand-sources-杏吧资源-https-xingba222-com-api-php-provide-vod-67","杏吧资源｜追劇","1","","","https://xingba222.com/api.php/provide/vod/","true","","","","","","","","","200","","662",""
"source","all-on-demand-sources-大地资源-https-dadiapi-com-feifei-68","大地资源｜追劇","0","","","https://dadiapi.com/feifei","false","","","","","","","","","200","","858","XML source did not return an XML list"
"source","all-on-demand-sources-奥斯卡-https-aosikazy-com-api-php-provide-vod-70","奥斯卡｜追劇","1","","","https://aosikazy.com/api.php/provide/vod/","true","","","","","","","","","200","","914",""
"source","all-on-demand-sources-鲨鱼资源-https-shayuapi-com-api-php-provide-vod-54","鲨鱼资源｜追劇","1","","","https://shayuapi.com/api.php/provide/vod/","false","","","","","","","","","0","","8003","The operation was aborted due to timeout"
"source","all-on-demand-sources-闪电影视-http-sdzyapi-com-api-php-provide-vod-77","闪电影视｜追剧","1","","","http://sdzyapi.com/api.php/provide/vod/","true","","","","","","","","","200","","652",""
"source","all-on-demand-sources-牛牛影视-https-api-niuniuzy-me-api-php-provide-vod-at-xml-78","牛牛影视｜追剧","0","","","https://api.niuniuzy.me/api.php/provide/vod/at/xml","true","","","","","","","","","200","","459",""
"source","all-on-demand-sources-雲飛影视-http-cj-lziapi-com-api-php-provide-vod-79","雲飛影视｜追劇","1","","","http://cj.lziapi.com/api.php/provide/vod/","true","","","","","","","","","200","","543",""
"source","all-on-demand-sources-火狐-https-hhzyapi-com-api-php-provide-vod-81","火狐影视｜追剧","1","","","https://hhzyapi.com/api.php/provide/vod/","true","","","","","","","","","200","","353",""
"source","all-on-demand-sources-api-如意-https-cj-rycjapi-com-api-php-provide-vod-82","如意影视｜追剧","1","","","https://cj.rycjapi.com/api.php/provide/vod/","true","","","","","","","","","200","","356",""
"source","current-vod-url-七星短剧-https-mpimg-cn-down-php-48e9d346cdf6da376c53136693bec95a-py-71","七星丨短剧｜追劇","3","","","https://mpimg.cn/down.php/48e9d346cdf6da376c53136693bec95a.py","true","","","","","","","","","206","","662",""
"source","all-on-demand-sources-cj-360资源-https-360zy-com-api-php-provide-vod-84","360丨短剧｜追劇","1","","","https://360zy.com/api.php/provide/vod/","true","","","","","","","","","200","","572",""
"source","all-on-demand-sources-大地采集-https-dadiapi-com-apple-m3u8-php-88","大地av｜18+","0","","","https://dadiapi.com/apple_m3u8.php","true","","","","","","","","","200","","581",""
"source","all-on-demand-sources-黄色仓库-av-https-hsckzy-vip-api-php-provide-vod-89","黄色仓库(旧)｜18+","1","","","https://hsckzy.vip/api.php/provide/vod/","true","","","","","","","","","200","","670",""
"source","all-on-demand-sources-fqzy资源-https-fqzy-me-api-php-provide-vod-ac-list-90","国产资源｜18+","1","","","https://fqzy.me//api.php/provide/vod/?ac=list","true","","","","","","","","","200","","1210",""
"source","all-on-demand-sources-百万资源-https-api-bwzyz-com-api-php-provide-vod-58","百万资源｜追劇","1","","","https://api.bwzyz.com/api.php/provide/vod/","false","","","","","","","","","200","","490","Unexpected token '<', ""<!DOCTYPE ""... is not valid JSON"
"source","all-on-demand-sources-美少女-https-www-msnii-com-api-json-php-64","美少女｜追劇","1","","","https://www.msnii.com/api/json.php","true","","","","","","","","","200","","636",""
"source","all-on-demand-sources-黄avzy-https-www-pgxdy-com-api-json-php-65","黄AVZY｜追劇","1","","","https://www.pgxdy.com/api/json.php","true","","","","","","","","","200","","738",""
"source","all-on-demand-sources-白嫖资源-https-www-kxgav-com-api-json-php-66","白嫖资源｜追劇","1","","","https://www.kxgav.com/api/json.php","true","","","","","","","","","200","","379",""
"source","all-on-demand-sources-金鹰点播-https-jinyingzy-com-api-php-provide-vod-19","金鹰点播｜追劇","1","","","https://jinyingzy.com/api.php/provide/vod/","false","","","","","","","","","403","","256","Unexpected token '<', ""<!DOCTYPE ""... is not valid JSON"
"source","all-on-demand-sources-爱奇艺-https-iqiyizyapi-com-api-php-provide-vod-1","爱奇艺｜追劇","1","","","https://iqiyizyapi.com/api.php/provide/vod/","true","","","","","","","","","200","","444",""
"source","all-on-demand-sources-豪华资源-https-pz-v88-qzz-io-url-https-hhzyapi-com-api-php-provide-vod-26","豪华资源｜追劇","1","","","https://pz.v88.qzz.io/?url=https://hhzyapi.com/api.php/provide/vod","false","","","","","","","","","403","","76","Unexpected token '<', ""<!DOCTYPE ""... is not valid JSON"
"source","all-on-demand-sources-百度云zy-https-pz-v88-qzz-io-url-https-api-apibdzy-com-api-php-provide-vod-27","百度云zy｜追劇","1","","","https://pz.v88.qzz.io/?url=https://api.apibdzy.com/api.php/provide/vod","true","","","","","","","","","200","","528",""
"source","all-on-demand-sources-艾旦影视-https-pz-v88-qzz-io-url-https-lovedan-net-api-php-provide-vod-28","艾旦影视｜追劇","1","","","https://pz.v88.qzz.io/?url=https://lovedan.net/api.php/provide/vod","true","","","","","","","","","200","","698",""
"source","all-on-demand-sources-辣椒资源-https-pz-v88-qzz-io-url-https-apilj-com-api-php-provide-vod-53","🔞 辣椒资源｜追劇","1","","","https://pz.v88.qzz.io/?url=https://apilj.com/api.php/provide/vod","true","","","","","","","","","200","","1053",""
"live","youtube新聞台-001-三立inews-1","001 三立iNEWS","youtube","","YouTube新聞台","https://manifest.googlevideo.com/api/manifest/hls_playlist/expire/1782686473/ei/qU5BarPkD7nv2roP59zZsA8/ip/114.42.213.233/id/pF507BLtbqU.8/itag/94/source/yt_live_broadcast/requiressl/yes/ratebypass/yes/live/1/sgoap/gir%3Dyes%3Bitag%3D140/sgovp/gir%3Dyes%3Bitag%3D135/rqh/1/hls_chunk_host/rr1---sn-ipoxu-umbee.googlevideo.com/xpc/EgVo2aDSNQ%3D%3D/gcr/tw/bui/ARmQxEVa3CIYO1DfxDGJUcr3BdJ88_7naW8Ww40wK_lBSNiZ9e9PugSXuUhSBxsQreNNCAjAaFK78ZhP/spc/SQ-umnVHbZoD3X7S30q1U9sWcUNSHfnviLUe3Ijdx-E9Qzu-Xg/vprv/1/reg/0/playlist_type/DVR/initcwndbps/2762500/met/1782664873,/mh/6w/mm/44/mn/sn-ipoxu-umbee/ms/lva/mv/m/mvi/1/pl/24/rms/lva,lva/dover/11/pacing/0/keepalive/yes/fexp/51565116,51565682/mt/1782664357/sparams/expire,ei,ip,id,itag,source,requiressl,ratebypass,live,sgoap,sgovp,rqh,xpc,gcr,bui,spc,vprv,reg,playlist_type/sig/AHEqNM4wRAIgWe6n2BxZfjWZO2D0wBE8PU_NHbZpbjegCVPZLaYGZeACID0kr9L2knlXWJjcgKiOg0NmIGsVnLW9zH2Z2jtNhC_T/lsparams/hls_chunk_host,initcwndbps,met,mh,mm,mn,ms,mv,mvi,pl,rms/lsig/APaTxxMwRgIhAPRPfhv-s7tPmENX5cOuUsGkwz2n-ylYz9l3Co8U0of_AiEA7Dww0ELFO_GHHhJXjVD5DY6PqwkcHlmSZlvr70TcToA%3D/playlist/index.m3u8","true","","","","true","single","0","0","0","200","","418",""
"live","youtube新聞台-002-寰宇新聞台-1","002 寰宇新聞台","youtube","","YouTube新聞台","https://manifest.googlevideo.com/api/manifest/hls_playlist/expire/1782686476/ei/rE5BatKVGvuTvcAP3tiBiAw/ip/114.42.213.233/id/Ej3LQM_lTEw.5/itag/94/source/yt_live_broadcast/requiressl/yes/ratebypass/yes/live/1/sgoap/gir%3Dyes%3Bitag%3D140/sgovp/gir%3Dyes%3Bitag%3D135/rqh/1/hls_chunk_host/rr4---sn-ipoxu-umbk.googlevideo.com/xpc/EgVo2aDSNQ%3D%3D/bui/ARmQxEV2_PCXJJEceAkHVWEbXBCsqUD1lxEV4TdSF1rfSdrP_NPxrBxa9f_SBDKevyMxe166AJXlYBTF/spc/SQ-umsRrdxaIZ3TeswljmU01-O4h7dm_l6nw46oIcAyXkfgsNg/vprv/1/reg/0/playlist_type/DVR/initcwndbps/2928750/met/1782664876,/mh/s4/mm/44/mn/sn-ipoxu-umbk/ms/lva/mv/m/mvi/4/pl/24/rms/lva,lva/dover/11/pacing/0/keepalive/yes/fexp/51565115,51565681,52017147/mt/1782664357/sparams/expire,ei,ip,id,itag,source,requiressl,ratebypass,live,sgoap,sgovp,rqh,xpc,bui,spc,vprv,reg,playlist_type/sig/AHEqNM4wRAIgKl0WS6Gq7g97pBKrI8XO6-6ujwMVv5JV55Rai3wKf-YCIBU6Is38KtaS-Wm5kPMe2iwXN9SBdS1uzfYUf3rEbpHC/lsparams/hls_chunk_host,initcwndbps,met,mh,mm,mn,ms,mv,mvi,pl,rms/lsig/APaTxxMwRgIhAKt5fK5pj_BJI5ClfEhx2M8dxfw00yQ2It7XDR5cGhXuAiEAxsv8p83qFOqt9dcB9OYLUvi8xtcRTRijI9RNOL5ffOM%3D/playlist/index.m3u8","true","","","","true","single","0","0","0","200","","449",""
"live","youtube新聞台-003-東森財經新聞-1","003 東森財經新聞","youtube","","YouTube新聞台","https://manifest.googlevideo.com/api/manifest/hls_playlist/expire/1782686479/ei/r05BatrUFsGJ1d8Pztzm4A4/ip/114.42.213.233/id/1I2iq41Akmo.3/itag/94/source/yt_live_broadcast/requiressl/yes/ratebypass/yes/live/1/sgoap/gir%3Dyes%3Bitag%3D140/sgovp/gir%3Dyes%3Bitag%3D135/rqh/1/hls_chunk_host/rr4---sn-ipoxu-umbk.googlevideo.com/xpc/EgVo2aDSNQ%3D%3D/playlist_duration/30/manifest_duration/30/bui/ARmQxEUHYAsIpp1AQCNY-Kll2uU9_6HpEqzIrzCOtZhoOVmaTOwaZByx9dr0sRavMabmduDi2DWl16AP/spc/SQ-umgPkPURe1dsPBw6CR5Yr6L0ZQ0U9-OIvBxKSmagVWN858A/vprv/1/reg/0/playlist_type/DVR/initcwndbps/2928750/met/1782664879,/mh/CJ/mm/44/mn/sn-ipoxu-umbk/ms/lva/mv/m/mvi/4/pl/24/rms/lva,lva/dover/11/pacing/0/keepalive/yes/fexp/51565116,51565681,52017146/mt/1782664357/sparams/expire,ei,ip,id,itag,source,requiressl,ratebypass,live,sgoap,sgovp,rqh,xpc,playlist_duration,manifest_duration,bui,spc,vprv,reg,playlist_type/sig/AHEqNM4wRgIhALgZ0TIuE5pDQeJCWv5oB9s4_sFwK-6Tw4k8cjxHOzDNAiEAtUXjBqD0vVfzR2WZ2_pEts4KBJoAEQRQYoXSQcS15aU%3D/lsparams/hls_chunk_host,initcwndbps,met,mh,mm,mn,ms,mv,mvi,pl,rms/lsig/APaTxxMwRgIhAN9KHPPwORQHTPB2Bu9pfud4bn2yW6EG4Kx2geN0v7HSAiEAujE99lWBv6Y34Ld8V5rCZftEWnv4QhAKgE050HhkeP0%3D/playlist/index.m3u8","true","","","","true","single","0","0","0","200","","181",""
"live","youtube新聞台-005-中視新聞-1","005 中視新聞","youtube","","YouTube新聞台","https://manifest.googlevideo.com/api/manifest/hls_playlist/expire/1782686484/ei/tE5BasPZFeSW1d8PuNDWYA/ip/114.42.213.233/id/TCnaIE_SAtM.9/itag/94/source/yt_live_broadcast/requiressl/yes/ratebypass/yes/live/1/sgoap/gir%3Dyes%3Bitag%3D140/sgovp/gir%3Dyes%3Bitag%3D135/rqh/1/hls_chunk_host/rr4---sn-ipoxu-umbee.googlevideo.com/xpc/EgVo2aDSNQ%3D%3D/playlist_duration/30/manifest_duration/30/bui/ARmQxEVB1KsSFjK1tAGG0JDW0QIS_i0zCI-EYE0Vf0MYwmlOa3D6-qMWb1lHxLzO2fBee_QEYcFMpaj5/spc/SQ-umk-SlAK10tbIGYr7Vgzr3bxJ7cYZCrFV2SzKNHOHWtcCcg/vprv/1/reg/0/playlist_type/DVR/initcwndbps/2762500/met/1782664884,/mh/eb/mm/44/mn/sn-ipoxu-umbee/ms/lva/mv/m/mvi/4/pl/24/rms/lva,lva/dover/11/pacing/0/keepalive/yes/fexp/51565115,51565681,52017147/mt/1782664357/sparams/expire,ei,ip,id,itag,source,requiressl,ratebypass,live,sgoap,sgovp,rqh,xpc,playlist_duration,manifest_duration,bui,spc,vprv,reg,playlist_type/sig/AHEqNM4wRgIhAMJNCMKvcoSn7eWaDu47SEBhbTjncnUh-mO8dY9GW0Q0AiEA7I3-7p6mt04_eTn2ig8DtZcteoY4gvQWLh0hty1yPB0%3D/lsparams/hls_chunk_host,initcwndbps,met,mh,mm,mn,ms,mv,mvi,pl,rms/lsig/APaTxxMwRQIgCehKX7HLB1da83y5XmS2ghu_olVI0jSCO6My52oHBQcCIQD0ZTeaM38lDICDDP0fMR29iL47oHADB0icQOvGovEssQ%3D%3D/playlist/index.m3u8","true","","","","true","single","0","0","0","200","","239",""
"live","youtube新聞台-006-民視新聞-1","006 民視新聞","youtube","","YouTube新聞台","https://manifest.googlevideo.com/api/manifest/hls_playlist/expire/1782686486/ei/tk5Bav67KdC_1d8PuM7fmAo/ip/114.42.213.233/id/ylYJSBUgaMA.7/itag/94/source/yt_live_broadcast/requiressl/yes/ratebypass/yes/live/1/sgoap/gir%3Dyes%3Bitag%3D140/sgovp/gir%3Dyes%3Bitag%3D135/rqh/1/hls_chunk_host/rr5---sn-ipoxu-umbee.googlevideo.com/xpc/EgVo2aDSNQ%3D%3D/playlist_duration/30/manifest_duration/30/bui/ARmQxEWBsEVjt3nF4hBTHvKghMNOMGthdDRVXdoN3ylf6mNYwTT-KAMrHQQSqKtxSUJB6X3CB0FVFVSY/spc/SQ-umqSmWLJXvophf7l2GywmgJ5k73R793MXJzUod7EgqwA3Dw/vprv/1/reg/0/playlist_type/DVR/initcwndbps/2762500/met/1782664886,/mh/iR/mm/44/mn/sn-ipoxu-umbee/ms/lva/mv/m/mvi/5/pl/24/rms/lva,lva/dover/11/pacing/0/keepalive/yes/fexp/51565115,51565681,52017147/mt/1782664357/sparams/expire,ei,ip,id,itag,source,requiressl,ratebypass,live,sgoap,sgovp,rqh,xpc,playlist_duration,manifest_duration,bui,spc,vprv,reg,playlist_type/sig/AHEqNM4wRAIge7QQwD6Hw_4Tc4uJmWHAZzNIyY194Ej5c9dI93TTvcgCIB0bErXWZyPyQm_QwK8g6JwUso5IBpR5nTuTP3ly7hdv/lsparams/hls_chunk_host,initcwndbps,met,mh,mm,mn,ms,mv,mvi,pl,rms/lsig/APaTxxMwRQIgA0RpppINVTzCuH3e6sAtIiC2uYQeuR8KmnMw2gIJg1ICIQCXkcJW5Hr168MOb3HhoqlP-P7kHOK7e6N-X9cSnNGFrw%3D%3D/playlist/index.m3u8","true","","","","true","single","0","0","0","200","","324",""
"live","youtube新聞台-007-台視新聞台-1","007 台視新聞台","youtube","","YouTube新聞台","https://manifest.googlevideo.com/api/manifest/hls_playlist/expire/1782686489/ei/uU5Basu3FZGPpt8PwIT0qQ0/ip/114.42.213.233/id/sNtCBxP-8LY.1/itag/94/source/yt_live_broadcast/requiressl/yes/ratebypass/yes/live/1/sgoap/gir%3Dyes%3Bitag%3D140/sgovp/gir%3Dyes%3Bitag%3D135/rqh/1/hls_chunk_host/rr2---sn-ipoxu-umby.googlevideo.com/xpc/EgVo2aDSNQ%3D%3D/playlist_duration/30/manifest_duration/30/gcr/tw/bui/ARmQxEXgg_gIjGuNKIFzxg6jn8vA29eaCLLQPWZARkDcLN_FxC3QVBpmjo8p9sXnnCtuxDgi6ths9joy/spc/SQ-ummWoW9dJH_e9j-GH5neBOafFCJk1UPZ_LZfbllFK9Pyf_g/vprv/1/reg/0/playlist_type/DVR/initcwndbps/2822500/met/1782664889,/mh/8w/mm/44/mn/sn-ipoxu-umby/ms/lva/mv/m/mvi/2/pl/24/rms/lva,lva/dover/11/pacing/0/keepalive/yes/fexp/51565116,51565682/mt/1782664357/sparams/expire,ei,ip,id,itag,source,requiressl,ratebypass,live,sgoap,sgovp,rqh,xpc,playlist_duration,manifest_duration,gcr,bui,spc,vprv,reg,playlist_type/sig/AHEqNM4wRQIgMtx_vGfRIh-vLzgPPUS2xiC6HBuaVeaTDb8SO9SBe2sCIQCDUCP3eq9237isojfKu1qMzKTrv9OkiDJc5KYnV2zbZQ%3D%3D/lsparams/hls_chunk_host,initcwndbps,met,mh,mm,mn,ms,mv,mvi,pl,rms/lsig/APaTxxMwRAIgZaKq2aVaDYhJZe7daUL2TSzysx6HehjB8DHkTg1jsAsCIBLhwHdOD8hzbb4bPrQN4x_sYpBaI8CpRdkxJ3yOt_UZ/playlist/index.m3u8","true","","","","true","single","0","0","0","200","","267",""
"live","youtube新聞台-009-tvbs-news-24小時直播-1","009 TVBS NEWS 24小時直播","youtube","","YouTube新聞台","https://manifest.googlevideo.com/api/manifest/hls_playlist/expire/1782686494/ei/vk5BavGtLcmXvcAPu8DowQY/ip/114.42.213.233/id/m_dhMSvUCIc.7/itag/94/source/yt_live_broadcast/requiressl/yes/ratebypass/yes/live/1/sgoap/gir%3Dyes%3Bitag%3D140/sgovp/gir%3Dyes%3Bitag%3D135/rqh/1/hls_chunk_host/rr5---sn-ipoxu-umbk.googlevideo.com/xpc/EgVo2aDSNQ%3D%3D/playlist_duration/30/manifest_duration/30/bui/ARmQxEWPm3lFSEvFdqzNYiOjB7QPq32ir4I6DJKSUhPjksMdSpoyuh7gXAvQpr2l3LK8vPd26rLOXaGN/spc/SQ-umulx2buFZBJlOQyTcCKflMgRGPtAGX5BbOcjy9hL26YCKg/vprv/1/reg/0/playlist_type/DVR/hcs/ir/initcwndbps/2928750/met/1782664894,/mh/V0/mm/44/mn/sn-ipoxu-umbk/ms/lva/mv/m/mvi/5/pl/24/rmhost/rr1---sn-ipoxu-umbk.googlevideo.com/rms/lva,lva/dover/11/pacing/0/keepalive/yes/fexp/51565115,51565681,52017146/mt/1782664357/sparams/expire,ei,ip,id,itag,source,requiressl,ratebypass,live,sgoap,sgovp,rqh,xpc,playlist_duration,manifest_duration,bui,spc,vprv,reg,playlist_type/sig/AHEqNM4wRgIhALzCtPTH8UDsIqt646b159fezTm_dWlwioX6QycBYyf9AiEAg4iuURh8lyv5S7iDMFrmir2Scx3qyMsp0dV9Q4tAUQg%3D/lsparams/hls_chunk_host,hcs,initcwndbps,met,mh,mm,mn,ms,mv,mvi,pl,rmhost,rms/lsig/APaTxxMwRAIgEzNEsQDmB9AEP_N6RoeYxKRWqGY7Q-o05qTsired4H4CIFAWAeD03VEJVlFhc-HwvxS5IIp168ld9i2hHYmJ9deE/playlist/index.m3u8","true","","","","true","single","0","0","0","200","","202",""
"live","youtube新聞台-010-中天電視-1","010 中天電視","youtube","","YouTube新聞台","https://manifest.googlevideo.com/api/manifest/hls_playlist/expire/1782686497/ei/wU5Bav3ZKo3f2roPvPrg8QQ/ip/114.42.213.233/id/vr3XyVCR4T0.4/itag/94/source/yt_live_broadcast/requiressl/yes/ratebypass/yes/live/1/sgoap/gir%3Dyes%3Bitag%3D140/sgovp/gir%3Dyes%3Bitag%3D135/rqh/1/hls_chunk_host/rr4---sn-ipoxu-umbk.googlevideo.com/xpc/EgVo2aDSNQ%3D%3D/playlist_duration/30/manifest_duration/30/bui/ARmQxEXt1oCsUl_YY0tAvuV-xyr3kzmLNuJw2pvliCd97kP8FFbPBjI1gaw_fTIXW1tjb-DernwyOAQi/spc/SQ-umiZLsMgF7GUl2GBUC4-burSJqq3wkQYqlxG-ws88Ednwrw/vprv/1/reg/0/playlist_type/DVR/initcwndbps/2928750/met/1782664897,/mh/40/mm/44/mn/sn-ipoxu-umbk/ms/lva/mv/m/mvi/4/pl/24/rms/lva,lva/dover/11/pacing/0/keepalive/yes/fexp/51565116,51565682,52017146/mt/1782664357/sparams/expire,ei,ip,id,itag,source,requiressl,ratebypass,live,sgoap,sgovp,rqh,xpc,playlist_duration,manifest_duration,bui,spc,vprv,reg,playlist_type/sig/AHEqNM4wRQIgHGrv_OZabv1htI2qX7kOpUhWAYlCZXf00vW48QfHR3cCIQDcicst7B_R55f4-9Adu9N41mOxBL8kMfb2nyXJFbPfjg%3D%3D/lsparams/hls_chunk_host,initcwndbps,met,mh,mm,mn,ms,mv,mvi,pl,rms/lsig/APaTxxMwRgIhAPkBL7pw8LESQlyudCr5R9vtNes9fzH0uW72b_pA0D83AiEA-8FFZSi_l5VRr5kcm5wPkZJTYykKioGY8yYacXL1Qqg%3D/playlist/index.m3u8","true","","","","true","single","0","0","0","200","","77",""
"live","youtube新聞台-012-新唐人live-1","012 新唐人LIVE","youtube","","YouTube新聞台","https://manifest.googlevideo.com/api/manifest/hls_playlist/expire/1782686502/ei/xk5BavvfNPWN1d8Pl6WauAE/ip/114.42.213.233/id/Bhp_V7H5QoY.3/itag/94/source/yt_live_broadcast/requiressl/yes/ratebypass/yes/live/1/sgoap/gir%3Dyes%3Bitag%3D140/sgovp/gir%3Dyes%3Bitag%3D135/rqh/1/hls_chunk_host/rr5---sn-ipoxu-umby.googlevideo.com/xpc/EgVo2aDSNQ%3D%3D/bui/ARmQxEWqyPPrsFtPuO7IbzpvHnVLbdedCnrcTItarYHVISoAZhk7HrsTJlLVIXlcxQ-2Bq4ic08S7BLw/spc/SQ-umiXJIDDL4Y1Io9vzexA1qH5gu2RqOt1VkrPQzOKa5N51rA/vprv/1/reg/0/playlist_type/DVR/initcwndbps/2822500/met/1782664902,/mh/Zs/mm/44/mn/sn-ipoxu-umby/ms/lva/mv/m/mvi/5/pl/24/rms/lva,lva/dover/11/pacing/0/keepalive/yes/fexp/51565116,51565682/mt/1782664357/sparams/expire,ei,ip,id,itag,source,requiressl,ratebypass,live,sgoap,sgovp,rqh,xpc,bui,spc,vprv,reg,playlist_type/sig/AHEqNM4wRQIgI2GXOODD4yr-sPp5nK0RvloOuyDwqSGSoVat_hGSjwkCIQCxUyO0AmOnaP_CbkwHwyvufTJUo_PtbzMX4bznSxfmvA%3D%3D/lsparams/hls_chunk_host,initcwndbps,met,mh,mm,mn,ms,mv,mvi,pl,rms/lsig/APaTxxMwRQIgc45cEvBQnIPgl5uAraNAyio5iigJI9yrL3Pu5H0BVTYCIQDDslBSy7flDbrctZO_fDCyWcYygCFYmOJamfGDh-XhKA%3D%3D/playlist/index.m3u8","true","","","","true","single","0","0","0","200","","384",""
"live","youtube新聞台-013-鏡新聞-1","013 鏡新聞","youtube","","YouTube新聞台","https://manifest.googlevideo.com/api/manifest/hls_playlist/expire/1782686506/ei/yk5Bar7-FLa42roPjeGnqAw/ip/114.42.213.233/id/5n0y6b0Q25o.4/itag/94/source/yt_live_broadcast/requiressl/yes/ratebypass/yes/live/1/sgoap/gir%3Dyes%3Bitag%3D140/sgovp/gir%3Dyes%3Bitag%3D135/rqh/1/hls_chunk_host/rr4---sn-ipoxu-umby.googlevideo.com/xpc/EgVo2aDSNQ%3D%3D/playlist_duration/30/manifest_duration/30/bui/ARmQxEXL9uwEFeYN-Yqbb3C1oeuQef1CSG4lf8vd8Oj0veUP0gaxuxMtvqe7CEA2w6wfmdmsNNnoFk2s/spc/SQ-umkHGv0Zh23PcjguqTp0sixV7Apjj5hdrkJvV9G2COn5vSQ/vprv/1/reg/0/playlist_type/DVR/initcwndbps/2822500/met/1782664906,/mh/di/mm/44/mn/sn-ipoxu-umby/ms/lva/mv/m/mvi/4/pl/24/rms/lva,lva/dover/11/pacing/0/keepalive/yes/fexp/51565116,51565682,51992868,52017146/mt/1782664357/sparams/expire,ei,ip,id,itag,source,requiressl,ratebypass,live,sgoap,sgovp,rqh,xpc,playlist_duration,manifest_duration,bui,spc,vprv,reg,playlist_type/sig/AHEqNM4wRgIhAMnVPH7MJpAc12KAo3JHy3kc_6w8XMxoFhZ0-DPgKW-YAiEAz55mjBrGi3EuxZ6EilJ4_TYuFWglQOFIyqAbb8vmNyI%3D/lsparams/hls_chunk_host,initcwndbps,met,mh,mm,mn,ms,mv,mvi,pl,rms/lsig/APaTxxMwRQIgf3S0z2OaEGX0MK1mAWsAKTaZWWl7-GQIxAfIkCCH9G0CIQDn1_tV33GPUNG-27oJ1zoDPuB0UYumqXu5jNzeGvzo_Q%3D%3D/playlist/index.m3u8","true","","","","true","single","0","0","0","200","","168",""
"live","youtube新聞台-016-寰宇新聞財經台-1","016 寰宇新聞財經台","youtube","","YouTube新聞台","https://manifest.googlevideo.com/api/manifest/hls_playlist/expire/1782686513/ei/0U5BarnzLoj2pt8PwZrlgAY/ip/114.42.213.233/id/yAUQQ0DhPxI.1/itag/94/source/yt_live_broadcast/requiressl/yes/ratebypass/yes/live/1/sgoap/gir%3Dyes%3Bitag%3D140/sgovp/gir%3Dyes%3Bitag%3D135/rqh/1/hls_chunk_host/rr2---sn-ipoxu-umbk.googlevideo.com/xpc/EgVo2aDSNQ%3D%3D/playlist_duration/30/manifest_duration/30/bui/ARmQxEWjFu6OKli0pxZYv9GSZTN4fmc9YwsGU6OGpairkouaLqEfTu4sl0lP4X_eEifZgb-0R8ZcolpJ/spc/SQ-umpQebUcoDLTZ-s5NK_t5e1DfYwsuDlZlvYqaKy3TPRDoNg/vprv/1/reg/0/playlist_type/DVR/initcwndbps/2928750/met/1782664913,/mh/iz/mm/44/mn/sn-ipoxu-umbk/ms/lva/mv/m/mvi/2/pl/24/rms/lva,lva/dover/11/pacing/0/keepalive/yes/fexp/51565115,51565682/mt/1782664357/sparams/expire,ei,ip,id,itag,source,requiressl,ratebypass,live,sgoap,sgovp,rqh,xpc,playlist_duration,manifest_duration,bui,spc,vprv,reg,playlist_type/sig/AHEqNM4wRAIgcf8aY1HwYCYd2mSBByBrPIZGSZQl6CnJi3wlukEqJR4CIAe60TZ2jb3MiITR9cjdhgEPQnQa5WIuRiHTVJJgoQhN/lsparams/hls_chunk_host,initcwndbps,met,mh,mm,mn,ms,mv,mvi,pl,rms/lsig/APaTxxMwRQIhAMr5nRIfaJkIQJ-7P4rgr6s8noBiERTX2JeK82WcsmQJAiBzb3Pm0XzAad_wSD-lpk1LFX3aY1c1LI2Cgq-bDa-WOA%3D%3D/playlist/index.m3u8","true","","","","true","single","0","0","0","200","","276",""
"live","youtube新聞台-017-倪珍24小時播新聞-1","017 倪珍24小時播新聞","youtube","","YouTube新聞台","https://manifest.googlevideo.com/api/manifest/hls_playlist/expire/1782686516/ei/1E5BarjrFbudvcAPve7auQM/ip/114.42.213.233/id/RRybv1kEnCU.1/itag/94/source/yt_live_broadcast/requiressl/yes/ratebypass/yes/live/1/sgoap/gir%3Dyes%3Bitag%3D140/sgovp/gir%3Dyes%3Bitag%3D135/rqh/1/hls_chunk_host/rr4---sn-ipoxu-umby.googlevideo.com/xpc/EgVo2aDSNQ%3D%3D/bui/ARmQxEVbAIMeabVJxstGVvPQorvcoQZxhU8I0p-dQl1vXnHoYK0wRl2g6xgysgrCi6wLf1QBng82hOiO/spc/SQ-umtn2kDo1J1mZxa5_fM83CJsCL9jgCzU5r4g5ho8HA_oOsA/vprv/1/reg/0/playlist_type/DVR/initcwndbps/2822500/met/1782664916,/mh/f-/mm/44/mn/sn-ipoxu-umby/ms/lva/mv/m/mvi/4/pcm2cms/yes/pl/24/rms/lva,lva/dover/11/pacing/0/keepalive/yes/fexp/51565115,51565682/mt/1782664357/sparams/expire,ei,ip,id,itag,source,requiressl,ratebypass,live,sgoap,sgovp,rqh,xpc,bui,spc,vprv,reg,playlist_type/sig/AHEqNM4wRQIgEST2b4VXeFL1-b4qbIaHMtayps2Ot2zHKBCNH90nYG8CIQDbwCXeMXXU3jWH_kY0qWcAVz2KbrmyG-fabnA0fuMkpA%3D%3D/lsparams/hls_chunk_host,initcwndbps,met,mh,mm,mn,ms,mv,mvi,pcm2cms,pl,rms/lsig/APaTxxMwRQIgNc6ECJduSSuHJl1o-w5VWmQLELwGPF9TaQA4u-W1QT4CIQC84w3ksUcX8x58mPcoxcS9vxBEKLHPSfRnplROJNG1DQ%3D%3D/playlist/index.m3u8","true","","","","true","single","0","0","0","200","","440",""
"live","youtube新聞台-018-公視新聞網-1","018 公視新聞網","youtube","","YouTube新聞台","https://manifest.googlevideo.com/api/manifest/hls_playlist/expire/1782686519/ei/105BarLxF9HL2roPh9rr2Ak/ip/114.42.213.233/id/quwqlazU-c8.10/itag/94/source/yt_live_broadcast/requiressl/yes/ratebypass/yes/live/1/sgoap/gir%3Dyes%3Bitag%3D140/sgovp/gir%3Dyes%3Bitag%3D135/rqh/1/hls_chunk_host/rr5---sn-ipoxu-umby.googlevideo.com/xpc/EgVo2aDSNQ%3D%3D/playlist_duration/30/manifest_duration/30/bui/ARmQxEWV78eh2ikIy0i91velJCK5MkDoGYyINagaDmUbi-KFFrhH_1aekbC7w84x4U92kD2YFd8-eJ9-/spc/SQ-umpFcg4_MiipVC2jrS77XvAJcv79X9bSQPDJ_ns23bd24Bg/vprv/1/reg/0/playlist_type/DVR/initcwndbps/2822500/met/1782664919,/mh/sI/mm/44/mn/sn-ipoxu-umby/ms/lva/mv/m/mvi/5/pl/24/rms/lva,lva/dover/11/pacing/0/keepalive/yes/fexp/51565115,51565681,52017147/mt/1782664357/sparams/expire,ei,ip,id,itag,source,requiressl,ratebypass,live,sgoap,sgovp,rqh,xpc,playlist_duration,manifest_duration,bui,spc,vprv,reg,playlist_type/sig/AHEqNM4wRAIgUqbKZTZeOm6iJV6p4M9Ke_n8rm8YDbWmCw5L2Mpc20ECIEuVJRVSsFXYbq-A0tufXcIUTpOZtbdXumaJ3OX4ixZm/lsparams/hls_chunk_host,initcwndbps,met,mh,mm,mn,ms,mv,mvi,pl,rms/lsig/APaTxxMwRQIgbeSoDoFWrZHstzVHo37yykZN7ISKfvW87C1uA_VY5Z4CIQDv0YIa5wjnbPceeSaKrzKjodY9T9VsT-12DykR9P6KQw%3D%3D/playlist/index.m3u8","true","","","","true","single","0","0","0","200","","248",""
"live","youtube新聞台-019-華視新聞-1","019 華視新聞","youtube","","YouTube新聞台","https://manifest.googlevideo.com/api/manifest/hls_playlist/expire/1782686522/ei/2U5BaueYPM2AvcAP4Nr4mAY/ip/114.42.213.233/id/wM0g8EoUZ_E.6/itag/94/source/yt_live_broadcast/requiressl/yes/ratebypass/yes/live/1/sgoap/gir%3Dyes%3Bitag%3D140/sgovp/gir%3Dyes%3Bitag%3D135/rqh/1/hls_chunk_host/rr4---sn-ipoxu-umbk.googlevideo.com/xpc/EgVo2aDSNQ%3D%3D/playlist_duration/30/manifest_duration/30/bui/ARmQxEXRGehi8LqbPYm3GE6LotJjGkF1PRj9HG552awkgWfQBMMjS78Gya11JPWtCuwAc3DTHvx-3r7C/spc/SQ-umg1wKsh2ud666ojXEvbtHb5M-EoL0DgW78fxDejoE0e-pg/vprv/1/reg/0/playlist_type/DVR/initcwndbps/2928750/met/1782664922,/mh/93/mm/44/mn/sn-ipoxu-umbk/ms/lva/mv/m/mvi/4/pl/24/rms/lva,lva/dover/11/pacing/0/keepalive/yes/fexp/51565115,51565681/mt/1782664357/sparams/expire,ei,ip,id,itag,source,requiressl,ratebypass,live,sgoap,sgovp,rqh,xpc,playlist_duration,manifest_duration,bui,spc,vprv,reg,playlist_type/sig/AHEqNM4wRAIgGL8IendepYwvGessve8rct2fb7CW90W28PCKF2bbdPsCIA_VnqMoFyPKLhb0ecWohX3yBzPsNQZojModWUQuDttk/lsparams/hls_chunk_host,initcwndbps,met,mh,mm,mn,ms,mv,mvi,pl,rms/lsig/APaTxxMwRQIhAPUre4AXSH9fZBBp0uC4M8rJ_xR1FeFUF5O-WFC7L1kfAiAR6W-Sl7RmqJRIbP-Sbnyr8h9HwyXUDpndfA-GeuNh1w%3D%3D/playlist/index.m3u8","true","","","","true","single","0","0","0","200","","200",""
"live","youtube新聞台-021-東森新聞-51-頻道-24-小時直播-1","021 東森新聞 51 頻道 24 小時直播","youtube","","YouTube新聞台","https://manifest.googlevideo.com/api/manifest/hls_playlist/expire/1782686526/ei/3k5Bar-fIfaavcAPsKKoyQY/ip/114.42.213.233/id/V1p33hqPrUk.62/itag/94/source/yt_live_broadcast/requiressl/yes/ratebypass/yes/live/1/sgoap/gir%3Dyes%3Bitag%3D140/sgovp/gir%3Dyes%3Bitag%3D135/rqh/1/hls_chunk_host/rr2---sn-ipoxu-umby.googlevideo.com/xpc/EgVo2aDSNQ%3D%3D/playlist_duration/30/manifest_duration/30/bui/ARmQxEWBjRbAlbr1eCgedycsCfVLvqMrteY0LAfYlepYePPa6Irarq1mVNd_b8y5tfVxn0fnWXXtC0yM/spc/SQ-umk32WRAWDNqaFZHfByczPuZ6dMQVlUy17aqVWsiiZHbFRw/vprv/1/reg/0/playlist_type/DVR/hcs/ir/initcwndbps/2822500/met/1782664926,/mh/56/mm/44/mn/sn-ipoxu-umby/ms/lva/mv/m/mvi/2/pl/24/rms/lva,lva/dover/11/pacing/0/keepalive/yes/fexp/51565116,51565682,52017146/mt/1782664357/sparams/expire,ei,ip,id,itag,source,requiressl,ratebypass,live,sgoap,sgovp,rqh,xpc,playlist_duration,manifest_duration,bui,spc,vprv,reg,playlist_type/sig/AHEqNM4wRAIgfQYh3MreJbwOv2FzcUxxSswbHb_R-ylWJMhdEDAZRTwCIFvT2JyUzKfAz30yN4GK8fn0zqPlhG7Wr64owMhmBUi7/lsparams/hls_chunk_host,hcs,initcwndbps,met,mh,mm,mn,ms,mv,mvi,pl,rms/lsig/APaTxxMwRAIgV3OMUrE50RJWsv_VVJyCRItcVa-VExFQBXZEq1Xb8psCIEDC8kJXNKlRny8lMWWwG7x_hnBQopUugH4MkZcBskW_/playlist/index.m3u8","true","","","","true","single","0","0","0","200","","51",""
"live","youtube新聞台-022-寰宇新聞台灣台-1","022 寰宇新聞台灣台","youtube","","YouTube新聞台","https://manifest.googlevideo.com/api/manifest/hls_playlist/expire/1782686529/ei/4U5BaqTtCIGEpt8P44-goQo/ip/114.42.213.233/id/Ej3LQM_lTEw.5/itag/94/source/yt_live_broadcast/requiressl/yes/ratebypass/yes/live/1/sgoap/gir%3Dyes%3Bitag%3D140/sgovp/gir%3Dyes%3Bitag%3D135/rqh/1/hls_chunk_host/rr4---sn-ipoxu-umbk.googlevideo.com/xpc/EgVo2aDSNQ%3D%3D/bui/ARmQxEVoWq3nZEBf9bKgO6TLwBulW5Sn_y8S5AwVlao9OOEbcdXXZgVE1xuSY8brYxgkA_3VYLBEkoOv/spc/SQ-umssQ2aOMa2hOr1D7s22bbpSIXaGkTgJTnxNFgwRt2afmeQ/vprv/1/reg/0/playlist_type/DVR/initcwndbps/2928750/met/1782664929,/mh/s4/mm/44/mn/sn-ipoxu-umbk/ms/lva/mv/m/mvi/4/pcm2cms/yes/pl/24/rms/lva,lva/dover/11/pacing/0/keepalive/yes/fexp/51565116,51565682,52017147/mt/1782664357/sparams/expire,ei,ip,id,itag,source,requiressl,ratebypass,live,sgoap,sgovp,rqh,xpc,bui,spc,vprv,reg,playlist_type/sig/AHEqNM4wRAIgAtvD-KQmazD-zKKdnLw6PPOUD3FP7AhyjKPPYJB1BBoCIG7DUAbEbGO2y5NafP-6o6hkwpGkmUXbGvzS2yz8cGcq/lsparams/hls_chunk_host,initcwndbps,met,mh,mm,mn,ms,mv,mvi,pcm2cms,pl,rms/lsig/APaTxxMwRAIgGVIitr9JT1NsdFqyA9vksYGSHGlSQyHLbhHCPQbnwuoCIFiyrpqatdA5CxoIjv5OEwOO0FQkKtDaJyLFdXiFMJXE/playlist/index.m3u8","true","","","","true","single","0","0","0","200","","246",""
"live","youtube新聞台-023-公視-網路直播頻道-1","023 公視 網路直播頻道","youtube","","YouTube新聞台","https://manifest.googlevideo.com/api/manifest/hls_playlist/expire/1782686531/ei/405BavuqNoCWvcAP3Lf8sAg/ip/114.42.213.233/id/C6gYqSHLRw4.3/itag/94/source/yt_live_broadcast/requiressl/yes/ratebypass/yes/live/1/sgoap/gir%3Dyes%3Bitag%3D140/sgovp/gir%3Dyes%3Bitag%3D135/rqh/1/hls_chunk_host/rr4---sn-ipoxu-umby.googlevideo.com/xpc/EgVo2aDSNQ%3D%3D/playlist_duration/30/manifest_duration/30/gcr/tw/bui/ARmQxEWrePWoBDw_Fd8VFTuVVxYSgl8X3hMSz4S_HnocOz8uhtB_0RY2s7EHGAmuR-ZOwNWTTzwbIy_4/spc/SQ-ummkUhewC-62Qw-s8XR2yStD1sVESAmLxvbKfzo8ApJFGSg/vprv/1/reg/0/playlist_type/DVR/initcwndbps/2822500/met/1782664932,/mh/Kb/mm/44/mn/sn-ipoxu-umby/ms/lva/mv/m/mvi/4/pl/24/rms/lva,lva/dover/11/pacing/0/keepalive/yes/fexp/51565116,51565682,51946837/mt/1782664357/sparams/expire,ei,ip,id,itag,source,requiressl,ratebypass,live,sgoap,sgovp,rqh,xpc,playlist_duration,manifest_duration,gcr,bui,spc,vprv,reg,playlist_type/sig/AHEqNM4wRgIhAPlZLOww8-GPlmEillQNVPt0jtxOLDIaTOPANs4I9dA3AiEA1B342uJzOCeDfyizeuPZ8GcyKaOybHukONSQU2hwOlI%3D/lsparams/hls_chunk_host,initcwndbps,met,mh,mm,mn,ms,mv,mvi,pl,rms/lsig/APaTxxMwRAIgddTDh7ao7tMExt80z_SF8QnABsIvfYZBWEfvlFODJUECIAmc88lHLuprFcy5zYP_yJgk_u6QLWWTtgp8bTrww2sq/playlist/index.m3u8","true","","","","true","single","0","0","0","200","","247",""
"live","youtube新聞台-024-cna-live-1","024 CNA LIVE","youtube","","YouTube新聞台","https://manifest.googlevideo.com/api/manifest/hls_playlist/expire/1782686534/ei/5k5BaruUFqGA2roPv_eviAE/ip/114.42.213.233/id/XWq5kBlakcQ.9/itag/94/source/yt_live_broadcast/requiressl/yes/ratebypass/yes/live/1/sgoap/gir%3Dyes%3Bitag%3D140/sgovp/gir%3Dyes%3Bitag%3D135/rqh/1/hls_chunk_host/rr5---sn-ipoxu-umby.googlevideo.com/xpc/EgVo2aDSNQ%3D%3D/bui/ARmQxEUiuoAUZx_hMBMVbfEy1fYCo1VWk6GF5QqtDujsJtlcONPOKLw8jazsERHohxNAtr8kb2AtTZsj/spc/SQ-umuHjVmjJleR42q3OzKJxVjUIJuoYIzJsargP1GS5hCraZQ/vprv/1/reg/0/playlist_type/DVR/initcwndbps/2822500/met/1782664934,/mh/W6/mm/44/mn/sn-ipoxu-umby/ms/lva/mv/m/mvi/5/pcm2cms/yes/pl/24/rms/lva,lva/dover/11/pacing/0/keepalive/yes/fexp/51565116,51565682/mt/1782664357/sparams/expire,ei,ip,id,itag,source,requiressl,ratebypass,live,sgoap,sgovp,rqh,xpc,bui,spc,vprv,reg,playlist_type/sig/AHEqNM4wRQIgRbC1hxdwMhrByPBP3t3BZA4_PpvNP7mc486O_dIItFsCIQCgkzr6jE31NWznZuZKu-jqrQlTPYvCLVKUGLkPIICBEg%3D%3D/lsparams/hls_chunk_host,initcwndbps,met,mh,mm,mn,ms,mv,mvi,pcm2cms,pl,rms/lsig/APaTxxMwRgIhAKHZEWNPFPxP8VeJUZJMZJ_WLRKRj4Jx7ftnAPjsQLU-AiEAkhio9qQns2LPOqlt4MWbL4dJWuWF7wv6ZN0hTyN7jjs%3D/playlist/index.m3u8","true","","","","true","single","0","0","0","200","","243",""
"live","youtube新聞台-025-華視戲劇頻道-1","025 華視戲劇頻道","youtube","","YouTube新聞台","https://manifest.googlevideo.com/api/manifest/hls_playlist/expire/1782686537/ei/6U5BariUBLiI1d8Pu-nhyQw/ip/114.42.213.233/id/6ZowCmLBcMY.1/itag/94/source/yt_live_broadcast/requiressl/yes/ratebypass/yes/live/1/sgoap/gir%3Dyes%3Bitag%3D140/sgovp/gir%3Dyes%3Bitag%3D135/rqh/1/hls_chunk_host/rr5---sn-ipoxu-umbk.googlevideo.com/xpc/EgVo2aDSNQ%3D%3D/playlist_duration/30/manifest_duration/30/bui/ARmQxEX5F0KoxG0EsLukmICmcHOXRlEaCFiT7FYb4at8CPUXop3X4tgW1mKLApl9xBJPLTcRE-YZqWrT/spc/SQ-umtjeP_uvFSEmERCgP3DLOvjjP7lDEFRfhD-oSlc0DKYY-A/vprv/1/reg/0/playlist_type/DVR/initcwndbps/2928750/met/1782664937,/mh/2X/mm/44/mn/sn-ipoxu-umbk/ms/lva/mv/m/mvi/5/pl/24/rms/lva,lva/dover/11/pacing/0/keepalive/yes/fexp/51565115,51565681,52017146/mt/1782664357/sparams/expire,ei,ip,id,itag,source,requiressl,ratebypass,live,sgoap,sgovp,rqh,xpc,playlist_duration,manifest_duration,bui,spc,vprv,reg,playlist_type/sig/AHEqNM4wRgIhAJ6_uwAAFYzCBj95N7hbb__k95JBZ0WLybdbhDeQ7lLjAiEAw0Kwbg1Aifc3CfV6uxZOPImHQCdOblwHWuz5ndRtIkk%3D/lsparams/hls_chunk_host,initcwndbps,met,mh,mm,mn,ms,mv,mvi,pl,rms/lsig/APaTxxMwRQIhANx3vKQkK4I094cSLjiWrJMFHeoJi6ybHYPch_baqE3fAiAGsr0jr1JqBQ1wF3iq7gQDEgB1u53vaOajAZHovj-wpQ%3D%3D/playlist/index.m3u8","true","","","","true","single","0","0","0","200","","120",""
"live","youtube購物台-026-momo購物一台-1","026 momo購物一台","youtube","","YouTube購物台","https://manifest.googlevideo.com/api/manifest/hls_playlist/expire/1782686539/ei/605BaufsI7-02roPnunxuQY/ip/114.42.213.233/id/_pZQ1Lk0xMA.9/itag/94/source/yt_live_broadcast/requiressl/yes/ratebypass/yes/live/1/sgoap/gir%3Dyes%3Bitag%3D140/sgovp/gir%3Dyes%3Bitag%3D135/rqh/1/hls_chunk_host/rr5---sn-ipoxu-umby.googlevideo.com/xpc/EgVo2aDSNQ%3D%3D/bui/ARmQxEXUPJ-PGKAvfnIe0crV3FUI-teK2E-tF_9Pebj7-vkvseXzj1zlQTVr_nozqidjjDUSIzkdB4GQ/spc/SQ-umq4n_ME6TeA_VQtoqPIK8dzW9WYUs-Gq1bQN0m-vW8z45g/vprv/1/reg/0/playlist_type/DVR/initcwndbps/2822500/met/1782664939,/mh/SK/mm/44/mn/sn-ipoxu-umby/ms/lva/mv/m/mvi/5/pl/24/rms/lva,lva/dover/11/pacing/0/keepalive/yes/fexp/51565115,51565682,52017146/mt/1782664357/sparams/expire,ei,ip,id,itag,source,requiressl,ratebypass,live,sgoap,sgovp,rqh,xpc,bui,spc,vprv,reg,playlist_type/sig/AHEqNM4wRQIgf80nTSefAOhkcPFOsF8rC4BI_SAnXxP6NMUc8Il1MIUCIQCCkWn55cyPnGsfWOt2MrAoZs32h009lQJ8CkuWX6RjIw%3D%3D/lsparams/hls_chunk_host,initcwndbps,met,mh,mm,mn,ms,mv,mvi,pl,rms/lsig/APaTxxMwRQIgVZLyS6XF4--7QpZeiEMw4f9nforUg6Jehh9GtZrzy_ACIQDMCgiIEYWAeNAhSHm_uaBqeLBXckwY7Bgnju-D_B3wug%3D%3D/playlist/index.m3u8","true","","","","true","single","0","0","0","200","","469",""
"live","youtube購物台-027-momo購物二台-1","027 momo購物二台","youtube","","YouTube購物台","https://manifest.googlevideo.com/api/manifest/hls_playlist/expire/1782686542/ei/7k5BavbfItmDvcAPt7aAkA0/ip/114.42.213.233/id/xbNWkUyxQGM.6/itag/94/source/yt_live_broadcast/requiressl/yes/ratebypass/yes/live/1/sgoap/gir%3Dyes%3Bitag%3D140/sgovp/gir%3Dyes%3Bitag%3D135/rqh/1/hls_chunk_host/rr5---sn-ipoxu-umbee.googlevideo.com/xpc/EgVo2aDSNQ%3D%3D/bui/ARmQxEVYMrOqlnkZ-aoM6MVhMkaGg7MDwJ40oy-6rdI77E0IH3qtVbDPv4xd4_WwIAnMCg9IgwVeO6EL/spc/SQ-umpN-NwtwKpUdeIjEP0FEiGo2s-A40z5ii4t1hHPjKetuCA/vprv/1/reg/0/playlist_type/DVR/initcwndbps/2762500/met/1782664942,/mh/I6/mm/44/mn/sn-ipoxu-umbee/ms/lva/mv/m/mvi/5/pl/24/rms/lva,lva/dover/11/pacing/0/keepalive/yes/fexp/51565116,51565681,52017147/mt/1782664357/sparams/expire,ei,ip,id,itag,source,requiressl,ratebypass,live,sgoap,sgovp,rqh,xpc,bui,spc,vprv,reg,playlist_type/sig/AHEqNM4wRAIgd5uOBO4MAOGnkUhnIESK6z-DoTJhk-kU40aIPElCMu8CIAdPhVDdS7eytps7dXfTx8f3KJrgczp8r3JuLe7yFYb5/lsparams/hls_chunk_host,initcwndbps,met,mh,mm,mn,ms,mv,mvi,pl,rms/lsig/APaTxxMwRQIgSsY2p1iZBJ9xkwyQxenaJPqlAUHF2ssPnxvT4fl31jYCIQCsOS6ouiVIwyOTk-xWSQLIRE1jqBFpPC0eOULv5PK41g%3D%3D/playlist/index.m3u8","true","","","","true","single","0","0","0","200","","385",""
"live","youtube購物台-028-東森購物台ch60-1","028 東森購物台CH60","youtube","","YouTube購物台","https://manifest.googlevideo.com/api/manifest/hls_playlist/expire/1782686545/ei/8U5BatydHMiKqL8P09SMsA0/ip/114.42.213.233/id/2IGZjBPTPT8.1/itag/94/source/yt_live_broadcast/requiressl/yes/ratebypass/yes/live/1/sgoap/gir%3Dyes%3Bitag%3D140/sgovp/gir%3Dyes%3Bitag%3D135/rqh/1/hls_chunk_host/rr2---sn-ipoxu-umbk.googlevideo.com/xpc/EgVo2aDSNQ%3D%3D/bui/ARmQxEXOKbHXUxbrLNtNX_5z5MVk8gl2uX2FlNPK3_zlNRmCLsjYNgXjuUucsMHskVcqBkxgw8tNGq3j/spc/SQ-umjCn3XnaTMQtsCvRpxO6YsgXInbRNIah-RJedAWKbPsaUQ/vprv/1/reg/0/playlist_type/DVR/initcwndbps/2928750/met/1782664945,/mh/mc/mm/44/mn/sn-ipoxu-umbk/ms/lva/mv/m/mvi/2/pcm2cms/yes/pl/24/rms/lva,lva/dover/11/pacing/0/keepalive/yes/fexp/51565116,51565682/mt/1782664357/sparams/expire,ei,ip,id,itag,source,requiressl,ratebypass,live,sgoap,sgovp,rqh,xpc,bui,spc,vprv,reg,playlist_type/sig/AHEqNM4wRQIhAMrCPdRAFN0UULl29JjkFlwQBFz1jHb3vnCg5zeYvpFOAiA7jb1sCsuMUJj2MvN0kuBWQZwZXQAtB0d1xpPGXHNp0w%3D%3D/lsparams/hls_chunk_host,initcwndbps,met,mh,mm,mn,ms,mv,mvi,pcm2cms,pl,rms/lsig/APaTxxMwRQIhANJ05v4N5G2gqhXfjKm8h7aFFxDNC_9ggplhIJwHUEV9AiBtTrCOqrEDwv7lzWoJxQDyuG4pcjo6Tti_heBBKRAvhw%3D%3D/playlist/index.m3u8","true","","","","true","single","0","0","0","200","","563",""
"live","youtube購物台-029-東森購物台ch46-1","029 東森購物台CH46","youtube","","YouTube購物台","https://manifest.googlevideo.com/api/manifest/hls_playlist/expire/1782686548/ei/9E5BaqrIFfONqL8PjaXTiQY/ip/114.42.213.233/id/tUvQg2HgIbs.1/itag/94/source/yt_live_broadcast/requiressl/yes/ratebypass/yes/live/1/sgoap/gir%3Dyes%3Bitag%3D140/sgovp/gir%3Dyes%3Bitag%3D135/rqh/1/hls_chunk_host/rr3---sn-ipoxu-umbk.googlevideo.com/xpc/EgVo2aDSNQ%3D%3D/bui/ARmQxEUPmrDZIbhSeTwAs62dI4_-UP7tfs3FUWn9vG7v1EckFh5e9awaF73ccGMDMwsEbM7mil05Cw7J/spc/SQ-umqfL2scygS7M6ij6E4NEqUP2y9tOTpaoiDv5XCoF_R7YGw/vprv/1/reg/0/playlist_type/DVR/initcwndbps/2928750/met/1782664948,/mh/LC/mm/44/mn/sn-ipoxu-umbk/ms/lva/mv/m/mvi/3/pcm2cms/yes/pl/24/rms/lva,lva/dover/11/pacing/0/keepalive/yes/fexp/51565116,51565682/mt/1782664357/sparams/expire,ei,ip,id,itag,source,requiressl,ratebypass,live,sgoap,sgovp,rqh,xpc,bui,spc,vprv,reg,playlist_type/sig/AHEqNM4wRgIhAJ-50IiaMQMgvNC9wyC-XZHbYVqht5tNbC5yOOYtml-dAiEAniT-ukY_lNnrzMbkvEAoaFfUDdIa0Rl8KOnSZnG9tpk%3D/lsparams/hls_chunk_host,initcwndbps,met,mh,mm,mn,ms,mv,mvi,pcm2cms,pl,rms/lsig/APaTxxMwRQIhANqlNS4oWSGQukKMF7v0A9MvRZtSD7ljS6IHiIHEdVsVAiBnCp-mt2oS_Ff7w1n2yFIrkUxVb5lpIHIKwhJgbrvnxA%3D%3D/playlist/index.m3u8","true","","","","true","single","0","0","0","200","","346",""
"live","youtube購物台-031-東森購物台ch34-1","031 東森購物台CH34","youtube","","YouTube購物台","https://manifest.googlevideo.com/api/manifest/hls_playlist/expire/1782686553/ei/-U5BaobBIKqd1d8Pm6fvqA0/ip/114.42.213.233/id/J3t9N0vciPI.1/itag/94/source/yt_live_broadcast/requiressl/yes/ratebypass/yes/live/1/sgoap/gir%3Dyes%3Bitag%3D140/sgovp/gir%3Dyes%3Bitag%3D135/rqh/1/hls_chunk_host/rr3---sn-ipoxu-umbk.googlevideo.com/xpc/EgVo2aDSNQ%3D%3D/bui/ARmQxEWcaZJgsRUNnY4W7It-e36KqrLkkm1KyYTtPowTuSKFENcW631HUQGOtb6n8L1MDNoEmApwRiMx/spc/SQ-umspUTyK2NGGLA8qynekLbJus8V2hxr8W5VIEVu5O2vr1uQ/vprv/1/reg/0/playlist_type/DVR/initcwndbps/2928750/met/1782664953,/mh/15/mm/44/mn/sn-ipoxu-umbk/ms/lva/mv/m/mvi/3/pl/24/rms/lva,lva/dover/11/pacing/0/keepalive/yes/fexp/51565116,51565681,52017147/mt/1782664357/sparams/expire,ei,ip,id,itag,source,requiressl,ratebypass,live,sgoap,sgovp,rqh,xpc,bui,spc,vprv,reg,playlist_type/sig/AHEqNM4wRQIgFpHSywx1LM_BWbp_1CymFmPMBN150noVzEZW2bNWkvICIQCe8gwpugVicDDkGvyXbcVgJ8u2mnsAL6t6ZiTW-6dkxg%3D%3D/lsparams/hls_chunk_host,initcwndbps,met,mh,mm,mn,ms,mv,mvi,pl,rms/lsig/APaTxxMwRgIhAPEpRFwdSxM85MiZ-w_tQMROFZP2-qHlnUHbQVJqJ5xZAiEAqnGhD-G4twFo4wwWQYjkRzaWTUB7cfEoBCblTWMRkgA%3D/playlist/index.m3u8","true","","","","true","single","0","0","0","200","","297",""
"live","youtube購物台-033-美好購物2台-1","033 美好購物2台","youtube","","YouTube購物台","https://manifest.googlevideo.com/api/manifest/hls_playlist/expire/1782686558/ei/_k5Bao-JINzf2roPjP_uwAk/ip/114.42.213.233/id/MHoyggBaFW4.1/itag/94/source/yt_live_broadcast/requiressl/yes/ratebypass/yes/live/1/sgoap/gir%3Dyes%3Bitag%3D140/sgovp/gir%3Dyes%3Bitag%3D135/rqh/1/hls_chunk_host/rr1---sn-ipoxu-umbk.googlevideo.com/xpc/EgVo2aDSNQ%3D%3D/playlist_duration/30/manifest_duration/30/bui/ARmQxEV2bu9f_a5tTf77lCVZMLMeqeNoyMVRf_iijsNe6kGYAY34HvDcLxDhUSCt8KVn1n0CwqZVpNXn/spc/SQ-umsLTFpehgxV0KKkTQQhyg-KgAK1-QLFQ9zjVH8be9_g7tg/vprv/1/reg/0/playlist_type/DVR/initcwndbps/2928750/met/1782664958,/mh/Kt/mm/44/mn/sn-ipoxu-umbk/ms/lva/mv/m/mvi/1/pl/24/rms/lva,lva/dover/11/pacing/0/keepalive/yes/fexp/51565115,51565681/mt/1782664357/sparams/expire,ei,ip,id,itag,source,requiressl,ratebypass,live,sgoap,sgovp,rqh,xpc,playlist_duration,manifest_duration,bui,spc,vprv,reg,playlist_type/sig/AHEqNM4wRQIgBVvtqwYB_T5H7FdslmdYrJQqCJ5VMBQ7eNldIlOATqwCIQDMXG5CaUA3z-Rj8raGlr6r2ml8RTuUPg8mb6_9GdjpuQ%3D%3D/lsparams/hls_chunk_host,initcwndbps,met,mh,mm,mn,ms,mv,mvi,pl,rms/lsig/APaTxxMwRQIhANHXrl1-ggpjL5_AHA0RUq0hLUGu6-vML4XAodSe0YXVAiAXsc79FWDvAi7rIOGmgOxzUQDNg4Cnbx7h-5bOC8slGg%3D%3D/playlist/index.m3u8","true","","","","true","single","0","0","0","200","","252",""
"live","youtube綜合娛樂-036-華視綜藝頻道-1","036 華視綜藝頻道","youtube","","YouTube綜合娛樂","https://manifest.googlevideo.com/api/manifest/hls_playlist/expire/1782686565/ei/BU9BapeAIMyL2roPh73EoQM/ip/114.42.213.233/id/0ePhPlTJbGo.3/itag/94/source/yt_live_broadcast/requiressl/yes/ratebypass/yes/live/1/sgoap/gir%3Dyes%3Bitag%3D140/sgovp/gir%3Dyes%3Bitag%3D135/rqh/1/hls_chunk_host/rr1---sn-ipoxu-umbk.googlevideo.com/xpc/EgVo2aDSNQ%3D%3D/bui/ARmQxEVACuFJ52LYDqdGMVFt3Dvy1YbQfqwI4BbnWdcbH6Uvq9JZbeV8opJg2MOrW94-1z9ces5RaUHw/spc/SQ-umjJmnerfPvq7xKbqPsi2zp5flOhi50xSXiZ9uz5zy0TemA/vprv/1/reg/0/playlist_type/DVR/initcwndbps/2928750/met/1782664965,/mh/yB/mm/44/mn/sn-ipoxu-umbk/ms/lva/mv/m/mvi/1/pl/24/rms/lva,lva/dover/11/pacing/0/keepalive/yes/fexp/51565115,51565681,52017147/mt/1782664357/sparams/expire,ei,ip,id,itag,source,requiressl,ratebypass,live,sgoap,sgovp,rqh,xpc,bui,spc,vprv,reg,playlist_type/sig/AHEqNM4wRAIgDsyFeiLc-pfusYMpk25Cd4ANFw5c9QY-kZUtTa3skRMCIATOsz5vl-fGLddo4UgYfE32nol71MCx3hRPLZnGtpYj/lsparams/hls_chunk_host,initcwndbps,met,mh,mm,mn,ms,mv,mvi,pl,rms/lsig/APaTxxMwRAIgU5CLDo1jR_n2euoa7dxeD1DHw6FbrTy4y7tAnWtzi6kCIC3nTaiV-ameqDooC5j2k9WTBxdfBySuRSxdYwFZDob4/playlist/index.m3u8","true","","","","true","single","0","0","0","200","","313",""
"live","youtube綜合娛樂-037-中視經典綜藝-1","037 中視經典綜藝","youtube","","YouTube綜合娛樂","https://manifest.googlevideo.com/api/manifest/hls_playlist/expire/1782686568/ei/CE9BaoqPCp3X1d8P55i94Qk/ip/114.42.213.233/id/ADDSmXoPDY8.6/itag/94/source/yt_live_broadcast/requiressl/yes/ratebypass/yes/live/1/sgoap/gir%3Dyes%3Bitag%3D140/sgovp/gir%3Dyes%3Bitag%3D135/rqh/1/hls_chunk_host/rr2---sn-ipoxu-umby.googlevideo.com/xpc/EgVo2aDSNQ%3D%3D/playlist_duration/30/manifest_duration/30/bui/ARmQxEVj-txQ_N4U06h7Rv0zaeLC2p2M7bDfgeWx8-a8bS8XPukI_1-6HI_GOYI3qwIiBDdv-vdBpp9N/spc/SQ-umvN_0xnwwW8FhGtyvMwvqUo8VjJxyDQMy84C6PB0MaHWHg/vprv/1/reg/0/playlist_type/DVR/initcwndbps/2822500/met/1782664968,/mh/vc/mm/44/mn/sn-ipoxu-umby/ms/lva/mv/m/mvi/2/pl/24/rms/lva,lva/dover/11/pacing/0/keepalive/yes/fexp/51565115,51565682/mt/1782664357/sparams/expire,ei,ip,id,itag,source,requiressl,ratebypass,live,sgoap,sgovp,rqh,xpc,playlist_duration,manifest_duration,bui,spc,vprv,reg,playlist_type/sig/AHEqNM4wRQIgEVEc47PkD4-feIjOm2b3ZI0kuAaUIz2EOhnAyB-8D1kCIQCmdNkOYBfPN24nYSfG_WvQ5jB7KZEC04il-WanZPOdSg%3D%3D/lsparams/hls_chunk_host,initcwndbps,met,mh,mm,mn,ms,mv,mvi,pl,rms/lsig/APaTxxMwRQIgavI2MT1UhH3t7NYM6YgYrGUgnSIjEezpZBlKKfWKHtsCIQCiDIzflD97p4rEKccXt9LeJkgFC4DYs9bO-xvsHNLiIw%3D%3D/playlist/index.m3u8","true","","","","true","single","0","0","0","200","","150",""
"live","youtube綜合娛樂-040-豬哥會社-1","040 豬哥會社","youtube","","YouTube綜合娛樂","https://manifest.googlevideo.com/api/manifest/hls_playlist/expire/1782686575/ei/D09BaoTXIJGPpt8P-5Lg0Qo/ip/114.42.213.233/id/v8MUGB4vst8.3/itag/94/source/yt_live_broadcast/requiressl/yes/ratebypass/yes/live/1/sgoap/gir%3Dyes%3Bitag%3D140/sgovp/gir%3Dyes%3Bitag%3D135/rqh/1/hls_chunk_host/rr1---sn-ipoxu-umbee.googlevideo.com/xpc/EgVo2aDSNQ%3D%3D/bui/ARmQxEWRm5gtawXSeELqaWJuBzf0vADs2Qnzg0cAtxrLQaOwqAJLPLgsQPbqQRPXJ61Uoq_oN7tY5FIt/spc/SQ-umol5io3dPS8HptpkMJN0UG4yz9AvMXYhwGCkTUoy96_lGw/vprv/1/reg/0/playlist_type/DVR/initcwndbps/2762500/met/1782664975,/mh/PK/mm/44/mn/sn-ipoxu-umbee/ms/lva/mv/m/mvi/1/pl/24/rms/lva,lva/dover/11/pacing/0/keepalive/yes/fexp/51565115,51565682,52017146/mt/1782664357/sparams/expire,ei,ip,id,itag,source,requiressl,ratebypass,live,sgoap,sgovp,rqh,xpc,bui,spc,vprv,reg,playlist_type/sig/AHEqNM4wRAIgaylNYpXeGAD0J4pORDQ-mXS9fABP4SBVLGXj1gK2Qb4CIDblMUdNK3jrvQVbnVLfEk0othGirS2JVdLtZ2O4hnFR/lsparams/hls_chunk_host,initcwndbps,met,mh,mm,mn,ms,mv,mvi,pl,rms/lsig/APaTxxMwRAIgN2gYtdmM0kSJQa_F2h7sSH8aZVR97iEFTD5M0JLI5NACIAb3IMY3v9mweL4uN1BJUPhg8_S2OS7woB2tj8Zy_XI6/playlist/index.m3u8","true","","","","true","single","0","0","0","200","","402",""
"live","youtube綜合娛樂-042-民視戲劇館-1","042 民視戲劇館","youtube","","YouTube綜合娛樂","https://manifest.googlevideo.com/api/manifest/hls_playlist/expire/1782686581/ei/FU9BarHuIdjr2roPuYLU6Aw/ip/114.42.213.233/id/NyrdWXddfR4.2/itag/94/source/yt_live_broadcast/requiressl/yes/ratebypass/yes/live/1/sgoap/gir%3Dyes%3Bitag%3D140/sgovp/gir%3Dyes%3Bitag%3D135/rqh/1/hls_chunk_host/rr4---sn-ipoxu-umbk.googlevideo.com/xpc/EgVo2aDSNQ%3D%3D/bui/ARmQxEWhKnhsoJFQwe3-qmL4F0FzcICE4AtNfIzIjB0DxOFenTFP872LusO-AB2dcCj3ZbEVlgJc8FDc/spc/SQ-umnnl2kmB6ADuxmRVNaQhMMuPoUrjzixoXg26is04hvtZvQ/vprv/1/reg/0/playlist_type/DVR/initcwndbps/2928750/met/1782664981,/mh/h5/mm/44/mn/sn-ipoxu-umbk/ms/lva/mv/m/mvi/4/pcm2cms/yes/pl/24/rms/lva,lva/dover/11/pacing/0/keepalive/yes/fexp/51565115,51565682/mt/1782664357/sparams/expire,ei,ip,id,itag,source,requiressl,ratebypass,live,sgoap,sgovp,rqh,xpc,bui,spc,vprv,reg,playlist_type/sig/AHEqNM4wRgIhALnoGp70vya9yEdaQQ4b-Ja9FWHW_JSqnpGW7KMVrBJKAiEAw-wOVvY6rkdjVmB3-nlW5KFmApZ5jgO6MZU10p8CAo0%3D/lsparams/hls_chunk_host,initcwndbps,met,mh,mm,mn,ms,mv,mvi,pcm2cms,pl,rms/lsig/APaTxxMwRQIhAMz3d93yiFsKpZidcz30Oyv8pzHav49JuIYZU5rkFXwDAiARY5-qAEWGQ4gPXYdGpjmVE7-xR3wdZsZorEONQYiTJg%3D%3D/playlist/index.m3u8","true","","","","true","single","0","0","0","200","","308",""
"live","youtube綜合娛樂-043-entertainment-mediacorp-1","043 Entertainment - Mediacorp","youtube","","YouTube綜合娛樂","https://manifest.googlevideo.com/api/manifest/hls_playlist/expire/1782686584/ei/GE9BasijM5mnpt8Pw6CIsAo/ip/114.42.213.233/id/ipqTkEH3mhE.3/itag/94/source/yt_live_broadcast/requiressl/yes/ratebypass/yes/live/1/sgoap/gir%3Dyes%3Bitag%3D140/sgovp/gir%3Dyes%3Bitag%3D135/rqh/1/hls_chunk_host/rr1---sn-ipoxu-umbee.googlevideo.com/xpc/EgVo2aDSNQ%3D%3D/bui/ARmQxEWiJk5pBQlUSC8dJh-XJ8pqxza7YZHMwE-O14Pnp1NwSGrX_H0_MRnpDl7E_yqz8oSE2jIbgFRq/spc/SQ-umvlApgPr-0hTGi2T4BeReaL8PZPWOTaRNj3_y6G0C8PR0g/vprv/1/reg/0/playlist_type/DVR/initcwndbps/2762500/met/1782664984,/mh/7T/mm/44/mn/sn-ipoxu-umbee/ms/lva/mv/m/mvi/1/pl/24/rms/lva,lva/dover/11/pacing/0/keepalive/yes/fexp/51565116,51565682,52017147/mt/1782664357/sparams/expire,ei,ip,id,itag,source,requiressl,ratebypass,live,sgoap,sgovp,rqh,xpc,bui,spc,vprv,reg,playlist_type/sig/AHEqNM4wRQIgSjb4NHzpp8qkIwaWmvmQQJzv_nTLMof2CScwbJ7By00CIQCB2F-uiskWqn1U7pmPWdAgF7Wxl9X2LUkoS7lOjeVzuw%3D%3D/lsparams/hls_chunk_host,initcwndbps,met,mh,mm,mn,ms,mv,mvi,pl,rms/lsig/APaTxxMwRQIgFBQ9vRG3m7ZhPeJMyet3MCtp3wqmoikVm9BdfOKKNPsCIQDUeHf4I3RDoHeGohBksPTQLFD9SCJ9wKnpQk9w5JwyXw%3D%3D/playlist/index.m3u8","true","","","","true","single","0","0","0","200","","582",""
"live","youtube綜合娛樂-044-東森綜合2台頻道-24-小時直播-1","044 東森綜合2台頻道 24 小時直播","youtube","","YouTube綜合娛樂","https://manifest.googlevideo.com/api/manifest/hls_playlist/expire/1782686588/ei/HE9BauK-AY-y2roPrden8Ag/ip/114.42.213.233/id/cimbpAZUjzw.4/itag/94/source/yt_live_broadcast/requiressl/yes/ratebypass/yes/live/1/sgoap/gir%3Dyes%3Bitag%3D140/sgovp/gir%3Dyes%3Bitag%3D135/rqh/1/hls_chunk_host/rr3---sn-ipoxu-umby.googlevideo.com/xpc/EgVo2aDSNQ%3D%3D/playlist_duration/30/manifest_duration/30/bui/ARmQxEUV5U_qiR-Rh4BtqSsDM-vLXNjBVGLkLu4EAjXaez47NqmeAE1p7ojVBVecm5F2-1CktxJBccIj/spc/SQ-umiNWGiTgSvJPN4UaIFoC1wy2Kqf2DcK4aZ3R1EZomxf4_Q/vprv/1/reg/0/playlist_type/DVR/initcwndbps/2822500/met/1782664988,/mh/vj/mm/44/mn/sn-ipoxu-umby/ms/lva/mv/m/mvi/3/pl/24/rms/lva,lva/dover/11/pacing/0/keepalive/yes/fexp/51565116,51565682/mt/1782664357/sparams/expire,ei,ip,id,itag,source,requiressl,ratebypass,live,sgoap,sgovp,rqh,xpc,playlist_duration,manifest_duration,bui,spc,vprv,reg,playlist_type/sig/AHEqNM4wRQIhANlNQ07NQj0UM_wWEQzRWNLbCQpjH6D7lsrEPeR3bqtlAiAIFSNxkCzNNUGr1_mFe9fMdDt3NL8-iptF7nru4GRbhQ%3D%3D/lsparams/hls_chunk_host,initcwndbps,met,mh,mm,mn,ms,mv,mvi,pl,rms/lsig/APaTxxMwRgIhAIyDlq859RC_rI2A2ceH-v2Y6oaHFfVAcPE_MhA4odS3AiEAlYDfcH3TFw18I4e69kuCWhX5JGDKPy37CjjMx9J8OXM%3D/playlist/index.m3u8","true","","","","true","single","0","0","0","200","","140",""
"live","youtube國際新聞-046-dw-news-1","046 DW News","youtube","","YouTube國際新聞","https://manifest.googlevideo.com/api/manifest/hls_playlist/expire/1782686592/ei/IE9BapDmKZy1vcAP2_mJ0Q8/ip/114.42.213.233/id/LuKwFajn37U.96/itag/94/source/yt_live_broadcast/requiressl/yes/ratebypass/yes/live/1/sgoap/gir%3Dyes%3Bitag%3D140/sgovp/gir%3Dyes%3Bitag%3D135/rqh/1/hls_chunk_host/rr2---sn-ipoxu-umby.googlevideo.com/xpc/EgVo2aDSNQ%3D%3D/bui/ARmQxEWHG_UGivF8cP3fOC-xk84TYJGfcRyaQ79yfoow264zlzAUu4jYimkhU2eSdSwYuCojOVawsw_y/spc/SQ-umm_jkhDe-KTf2Lb8rlNSs6qL2JuJaFJL9odrXy8aGQQtFQ/vprv/1/reg/0/playlist_type/DVR/initcwndbps/2822500/met/1782664992,/mh/sz/mm/44/mn/sn-ipoxu-umby/ms/lva/mv/m/mvi/2/pcm2cms/yes/pl/24/rms/lva,lva/dover/11/pacing/0/keepalive/yes/fexp/51565115,51565682,52017147/mt/1782664357/sparams/expire,ei,ip,id,itag,source,requiressl,ratebypass,live,sgoap,sgovp,rqh,xpc,bui,spc,vprv,reg,playlist_type/sig/AHEqNM4wRAIgBTdZxcltK8i7RvCKF0XXycwADqMYjAb7HPTct9QF1AUCIDg2KrRW6Jg27E1TpUfZTpSk4rSqGiANkLG8eLZwntxa/lsparams/hls_chunk_host,initcwndbps,met,mh,mm,mn,ms,mv,mvi,pcm2cms,pl,rms/lsig/APaTxxMwRQIgONnFWkVOppCPyc_9qAnuZlwXl3-n1jv9iMNtL2JRGMoCIQCO8QKpo8TIYPK7RuUxidcNHy-ivHDnZR5yjHLnK3jIrQ%3D%3D/playlist/index.m3u8","true","","","","true","single","0","0","0","200","","701",""
"live","youtube國際新聞-047-al-jazeera-arabic-1","047 Al Jazeera Arabic","youtube","","YouTube國際新聞","https://manifest.googlevideo.com/api/manifest/hls_playlist/expire/1782686596/ei/JE9BauicIsSD2roPvKKh2Qk/ip/114.42.213.233/id/N8xxOD0nT1Y.2/itag/94/source/yt_live_broadcast/requiressl/yes/ratebypass/yes/live/1/sgoap/gir%3Dyes%3Bitag%3D140/sgovp/gir%3Dyes%3Bitag%3D135/rqh/1/hls_chunk_host/rr4---sn-ipoxu-umbee.googlevideo.com/xpc/EgVo2aDSNQ%3D%3D/gcr/tw/bui/ARmQxEXNTisRfWDSuIL9krJCpVAWgfaNQjoipGrbWPE7FkRTocbs2TZUT23qdjXvvH96rp9KNwB8kWZd/spc/SQ-umtuy92ZA-YKIUPM2E-Nc2ZUe9UelUilpLCVRvXTQ36IaaA/vprv/1/reg/0/playlist_type/DVR/initcwndbps/2762500/met/1782664996,/mh/u1/mm/44/mn/sn-ipoxu-umbee/ms/lva/mv/m/mvi/4/pl/24/rms/lva,lva/dover/11/pacing/0/keepalive/yes/fexp/51565115,51565682,52017146/mt/1782664357/sparams/expire,ei,ip,id,itag,source,requiressl,ratebypass,live,sgoap,sgovp,rqh,xpc,gcr,bui,spc,vprv,reg,playlist_type/sig/AHEqNM4wRQIhAOyLz_SgEjJyJtSGVlXVtNk_xaiMp9HRk5KAjVLxWaPcAiBm_YRc_55MBtboA0xfvWvUMkZUmbwI65D-ytK-obfIxg%3D%3D/lsparams/hls_chunk_host,initcwndbps,met,mh,mm,mn,ms,mv,mvi,pl,rms/lsig/APaTxxMwRQIhAM_KaPFv8jHvAvqUhn6yxf0YP9YQnnBElA8CJEnf1hqqAiAzt4Ygteqt1wz_MWhctsOGcX90IO5yK-5l-DhcBV-CxA%3D%3D/playlist/index.m3u8","true","","","","true","single","0","0","0","200","","858",""
"live","youtube國際新聞-049-live-now-1","049 LIVE NOW","youtube","","YouTube國際新聞","https://manifest.googlevideo.com/api/manifest/hls_playlist/expire/1782686603/ei/K09BarK5LLWu2roPl5ThmQo/ip/114.42.213.233/id/vNVp6bxkL1c.2/itag/94/source/yt_live_broadcast/requiressl/yes/ratebypass/yes/live/1/sgoap/gir%3Dyes%3Bitag%3D140/sgovp/gir%3Dyes%3Bitag%3D135/rqh/1/hls_chunk_host/rr2---sn-ipoxu-umbee.googlevideo.com/xpc/EgVo2aDSNQ%3D%3D/playlist_duration/30/manifest_duration/30/bui/ARmQxEVzm4lAz9ym2vD7Dy97HIDrcQ1nFYiSQ8QTc68biHy54ES--iw0o0NrKrpTzBFpZaYf4gKhXLu9/spc/SQ-umnG9QjKYa33zLtWoamTp16RktBSxEy9FSlidNuZRO3GcdQ/vprv/1/reg/0/playlist_type/DVR/initcwndbps/2762500/met/1782665003,/mh/MK/mm/44/mn/sn-ipoxu-umbee/ms/lva/mv/m/mvi/2/pl/24/rms/lva,lva/dover/11/pacing/0/keepalive/yes/fexp/51565116,51565681,52017147/mt/1782664357/sparams/expire,ei,ip,id,itag,source,requiressl,ratebypass,live,sgoap,sgovp,rqh,xpc,playlist_duration,manifest_duration,bui,spc,vprv,reg,playlist_type/sig/AHEqNM4wRgIhAMQ4H7U5_C8z9_pcP3QI_YULRA2od4Il9cmNqrQDNL5hAiEAyMSt3BHeBgTI_50esgVC8TeDfi_fzot9Ad6c4oHYuCE%3D/lsparams/hls_chunk_host,initcwndbps,met,mh,mm,mn,ms,mv,mvi,pl,rms/lsig/APaTxxMwRAIgML-veT-Pif9oF82fqfq0wrMPohHsqnik3lyq3ZvolNoCIAwSfKWwzy2en4CwccGU-fuzTOgGgNF6tV_uoUhIRjGh/playlist/index.m3u8","true","","","","true","single","0","0","0","200","","186",""
"live","youtube國際新聞-050-haberturk-tv-1","050 Haberturk TV","youtube","","YouTube國際新聞","https://manifest.googlevideo.com/api/manifest/hls_playlist/expire/1782686606/ei/Lk9BapqUNY-y2roPrden8Ag/ip/114.42.213.233/id/s4KIyYkwiM0.1/itag/94/source/yt_live_broadcast/requiressl/yes/ratebypass/yes/live/1/sgoap/gir%3Dyes%3Bitag%3D140/sgovp/gir%3Dyes%3Bitag%3D135/rqh/1/hls_chunk_host/rr2---sn-ipoxu-umby.googlevideo.com/xpc/EgVo2aDSNQ%3D%3D/playlist_duration/30/manifest_duration/30/gcr/tw/bui/ARmQxEWx4b2Tjrh0wvCVUpVJcq4YFXvrF3kFdpO3sd-8jqYQNaBmwGqL6kVTUv4FcS62jrub-Y9giF4k/spc/SQ-umsRTDlhxKLxotUFDy1SAp0dW1alGvtGfk4UBu6mn99L-Uw/vprv/1/reg/0/playlist_type/DVR/initcwndbps/2822500/met/1782665006,/mh/vw/mm/44/mn/sn-ipoxu-umby/ms/lva/mv/m/mvi/2/pl/24/rms/lva,lva/dover/11/pacing/0/keepalive/yes/fexp/51565115,51565681/mt/1782664357/sparams/expire,ei,ip,id,itag,source,requiressl,ratebypass,live,sgoap,sgovp,rqh,xpc,playlist_duration,manifest_duration,gcr,bui,spc,vprv,reg,playlist_type/sig/AHEqNM4wRgIhAKeX72pc1k0Gyi53NdnSQ8QJGUfVuCOLwOsN0tQ8_dhGAiEA4BIFeZlRxbBAxfw6Ko4hULtmT1SB1OOztNOHz3u1BHw%3D/lsparams/hls_chunk_host,initcwndbps,met,mh,mm,mn,ms,mv,mvi,pl,rms/lsig/APaTxxMwRQIgaOimIrvsVLqrnalM-Km7hO4yetcWqvPMO-FZOXevi_8CIQCNWerisU4uQeKY0KdpGdV6FhngBHPcyeLx4NlBjyLcww%3D%3D/playlist/index.m3u8","true","","","","true","single","0","0","0","200","","590",""
"live","youtube國際新聞-053-euronews-english-1","053 Euronews English","youtube","","YouTube國際新聞","https://manifest.googlevideo.com/api/manifest/hls_playlist/expire/1782686615/ei/N09BatyJGt-U1d8Pl4fMWA/ip/114.42.213.233/id/pykpO5kQJ98.5/itag/94/source/yt_live_broadcast/requiressl/yes/ratebypass/yes/live/1/sgoap/gir%3Dyes%3Bitag%3D140/sgovp/gir%3Dyes%3Bitag%3D135/rqh/1/hls_chunk_host/rr5---sn-ipoxu-umbee.googlevideo.com/xpc/EgVo2aDSNQ%3D%3D/gcr/tw/bui/ARmQxEXiAXHz6iGVowfetDbdYs1lWCrsoczWsHhJQLG9HLHMyg_q9ryLeTsOcUA6I11sLrEFDRSulbQY/spc/SQ-umgwb8HldtZ1hp2gf2Sen9xnnOKawaXt9H_cjxyBhsXE/vprv/1/reg/0/playlist_type/DVR/initcwndbps/2762500/met/1782665015,/mh/PN/mm/44/mn/sn-ipoxu-umbee/ms/lva/mv/m/mvi/5/pl/24/rms/lva,lva/dover/11/pacing/0/keepalive/yes/fexp/51565116,51565682,51946838/mt/1782664357/sparams/expire,ei,ip,id,itag,source,requiressl,ratebypass,live,sgoap,sgovp,rqh,xpc,gcr,bui,spc,vprv,reg,playlist_type/sig/AHEqNM4wRQIgQxXfNpwidVRB8lhddBDaLwHsElRbivtL03VBccODQAMCIQDF60dKlR7w0YtgYTJNlAyHoU6YAA0VngjAmV_JjtK2TQ%3D%3D/lsparams/hls_chunk_host,initcwndbps,met,mh,mm,mn,ms,mv,mvi,pl,rms/lsig/APaTxxMwRQIgE2fx5HBGexaJ9i62WHk_JVtDajHkep1__Biw69T9cFoCIQCmu5yotMw0bAQjwtlbktcS4mYh32FrQnYTCf_r2naVPQ%3D%3D/playlist/index.m3u8","false","","","","true","single","0","0","0","200","","155","segment HTTP 403"
"live","youtube國際新聞-054-france-24-english-1","054 FRANCE 24 English","youtube","","YouTube國際新聞","https://manifest.googlevideo.com/api/manifest/hls_playlist/expire/1782686618/ei/Ok9BarbxMIbbpt8Ph6-AGQ/ip/114.42.213.233/id/HvZt-nh9sGg.1/itag/94/source/yt_live_broadcast/requiressl/yes/ratebypass/yes/live/1/sgoap/gir%3Dyes%3Bitag%3D140/sgovp/gir%3Dyes%3Bitag%3D135/rqh/1/hls_chunk_host/rr1---sn-ipoxu-umbk.googlevideo.com/xpc/EgVo2aDSNQ%3D%3D/bui/ARmQxEX7ITzYqABJcuEAxoik1f0KMzybjZW5IL2bp_FGv8lQPNcOWoFQupirnsMHGDjQB1sWA008gVJK/spc/SQ-umsgto54mbCuNG2Xg0WpBYONUJBXakJPF5t5MD0ahp5AKmw/vprv/1/reg/0/playlist_type/DVR/initcwndbps/2928750/met/1782665018,/mh/Gh/mm/44/mn/sn-ipoxu-umbk/ms/lva/mv/m/mvi/1/pcm2cms/yes/pl/24/rms/lva,lva/dover/11/pacing/0/keepalive/yes/fexp/51565115,51565682/mt/1782664357/sparams/expire,ei,ip,id,itag,source,requiressl,ratebypass,live,sgoap,sgovp,rqh,xpc,bui,spc,vprv,reg,playlist_type/sig/AHEqNM4wRAIgenIevIOaBQceziaFbjFleLYYL78HckDhaLUN81bW77kCIDQSKFueMpejGmQ-HbbxvaLvFZjUDOQPwvA0ndeSg5Ib/lsparams/hls_chunk_host,initcwndbps,met,mh,mm,mn,ms,mv,mvi,pcm2cms,pl,rms/lsig/APaTxxMwRQIgQKX5X1811fqnMEzkEo-lQlX3VoDAg66-MjxXybGka-ECIQD94aRRIv8SvHbxemCza5LnQAgsSQDrfPlMdw3oxHmT8Q%3D%3D/playlist/index.m3u8","true","","","","true","single","0","0","0","200","","577",""
"live","youtube國際新聞-056-al-jazeera-english-1","056 Al Jazeera English","youtube","","YouTube國際新聞","https://manifest.googlevideo.com/api/manifest/hls_playlist/expire/1782686624/ei/QE9Bar62JcuCpt8PktGkkQ4/ip/114.42.213.233/id/gCNeDWCI0vo.4/itag/94/source/yt_live_broadcast/requiressl/yes/ratebypass/yes/live/1/sgoap/gir%3Dyes%3Bitag%3D140/sgovp/gir%3Dyes%3Bitag%3D135/rqh/1/hls_chunk_host/rr5---sn-ipoxu-umbee.googlevideo.com/xpc/EgVo2aDSNQ%3D%3D/gcr/tw/bui/ARmQxEWjKTVjbi8mOuEpVjRmXv7j55f3b--h58myRSfMlfhsBX52bKaaUM_S9w-VEyxS1g05mBeytfor/spc/SQ-ummVawvHMTKZFqV4lEO9IkiWGDc7oVYNQMC8q3RTpX0_1Zw/vprv/1/reg/0/playlist_type/DVR/initcwndbps/2762500/met/1782665024,/mh/Dn/mm/44/mn/sn-ipoxu-umbee/ms/lva/mv/m/mvi/5/pl/24/rms/lva,lva/dover/11/pacing/0/keepalive/yes/fexp/51565115,51565682/mt/1782664357/sparams/expire,ei,ip,id,itag,source,requiressl,ratebypass,live,sgoap,sgovp,rqh,xpc,gcr,bui,spc,vprv,reg,playlist_type/sig/AHEqNM4wRQIhAOPbvUKnT9mqOtrWIYgSX78IKnrD86TJIl3reQ6MQ2C4AiAQ7jrvi2eNklErxcG2kgWkyOUrk7bAseDupB7TTMV-aQ%3D%3D/lsparams/hls_chunk_host,initcwndbps,met,mh,mm,mn,ms,mv,mvi,pl,rms/lsig/APaTxxMwRQIgSx-PHmu7eFY1aQb3nBi7UDdK-9xzUIlItptKPjOri8YCIQC9SFzkhrZz63bmItr-6BDfwo-0dg91fcug_QWXbzXuww%3D%3D/playlist/index.m3u8","true","","","","true","single","0","0","0","200","","231",""
"live","youtube國際新聞-060-taiwanplus-1","060 TaiwanPlus","youtube","","YouTube國際新聞","https://manifest.googlevideo.com/api/manifest/hls_playlist/expire/1782686635/ei/S09BarXbKqSSpt8P47DGmAw/ip/114.42.213.233/id/Vrs-AeKZIEg.3/itag/94/source/yt_live_broadcast/requiressl/yes/ratebypass/yes/live/1/sgoap/gir%3Dyes%3Bitag%3D140/sgovp/gir%3Dyes%3Bitag%3D135/rqh/1/hls_chunk_host/rr3---sn-ipoxu-umbk.googlevideo.com/xpc/EgVo2aDSNQ%3D%3D/playlist_duration/30/manifest_duration/30/bui/ARmQxEVJK0NbBO8v2aY6dsBGh20izM2GuBS3ijXCOVc_HA_l3MpsEo3DBnuC0nXklz10eK6XRLgq6_aB/spc/SQ-umnDBVtHa169YRX1bF-rwvzA85UQqOcs9Nhvx0f6r_PQILw/vprv/1/reg/0/playlist_type/DVR/initcwndbps/2928750/met/1782665035,/mh/H2/mm/44/mn/sn-ipoxu-umbk/ms/lva/mv/m/mvi/3/pl/24/rms/lva,lva/dover/11/pacing/0/keepalive/yes/fexp/51565115,51565681,52017146/mt/1782664357/sparams/expire,ei,ip,id,itag,source,requiressl,ratebypass,live,sgoap,sgovp,rqh,xpc,playlist_duration,manifest_duration,bui,spc,vprv,reg,playlist_type/sig/AHEqNM4wRgIhAIljuHolGM2vRFfn7QliHQfCQ7lJFxE-NmWeSgo_K19zAiEA53wYKMaij13bjNjjQh7pJ9umDHFm5x9NzhxL9w-u-J0%3D/lsparams/hls_chunk_host,initcwndbps,met,mh,mm,mn,ms,mv,mvi,pl,rms/lsig/APaTxxMwRAIgadJSrDhZEwvzJdoo_kcxNtvjksV0HNq0dsK5ltWrRkwCIDyuUFUYzvg8Wtt4CTb2Ceo9G3kp4ZGo_qg4fpal9eGF/playlist/index.m3u8","true","","","","true","single","0","0","0","200","","91",""
"live","youtube亞洲新聞-062-asianet-news-1","062 Asianet News","youtube","","YouTube亞洲新聞","https://manifest.googlevideo.com/api/manifest/hls_playlist/expire/1782686641/ei/UU9Batu9BaOI1d8P7qym6QI/ip/114.42.213.233/id/s0LLVQeMmtU.1/itag/94/source/yt_live_broadcast/requiressl/yes/ratebypass/yes/live/1/sgoap/gir%3Dyes%3Bitag%3D140/sgovp/gir%3Dyes%3Bitag%3D135/rqh/1/hls_chunk_host/rr4---sn-ipoxu-umby.googlevideo.com/xpc/EgVo2aDSNQ%3D%3D/bui/ARmQxEW1qG3VQ76qYsc1rTdxn9jgpC54LeRboCCpIgV_L4E4yPW-ToBpZdroTJwNG_5JQ5K_QhF522R-/spc/SQ-umjkLfNOnp3WO0DOeuM56SDairBDUBmImOnN-8i7JOmTxlA/vprv/1/reg/0/playlist_type/DVR/initcwndbps/2822500/met/1782665041,/mh/m2/mm/44/mn/sn-ipoxu-umby/ms/lva/mv/m/mvi/4/pcm2cms/yes/pl/24/rms/lva,lva/dover/11/pacing/0/keepalive/yes/fexp/51565116,51565682/mt/1782664357/sparams/expire,ei,ip,id,itag,source,requiressl,ratebypass,live,sgoap,sgovp,rqh,xpc,bui,spc,vprv,reg,playlist_type/sig/AHEqNM4wRQIgSLBOFK67c_Ht9e-N4zE0mO-1gsVZFw1BrMwNgu-bLnACIQCXLF90Tzr1R7xplHN4w4GlHzS1DvxYmrZe-qphcR-X5Q%3D%3D/lsparams/hls_chunk_host,initcwndbps,met,mh,mm,mn,ms,mv,mvi,pcm2cms,pl,rms/lsig/APaTxxMwRQIgf_ZiWq7RmtOO8ToLx6oxPcVVkw1I7pACl6DuPdd12T8CIQC9Pl0tVWKR9BkNgPdae02g3fqYeYDbSmetOjd85WE7WA%3D%3D/playlist/index.m3u8","true","","","","true","single","0","0","0","200","","389",""
"live","youtube亞洲新聞-064-astro-awani-1","064 Astro AWANI","youtube","","YouTube亞洲新聞","https://manifest.googlevideo.com/api/manifest/hls_playlist/expire/1782686646/ei/Vk9Bas_VCaCxvcAP3s-B6As/ip/114.42.213.233/id/mkVyNaGee8A.2/itag/94/source/yt_live_broadcast/requiressl/yes/ratebypass/yes/live/1/sgoap/gir%3Dyes%3Bitag%3D140/sgovp/gir%3Dyes%3Bitag%3D135/rqh/1/hls_chunk_host/rr3---sn-ipoxu-umbk.googlevideo.com/xpc/EgVo2aDSNQ%3D%3D/bui/ARmQxEXhkgLOWSS7HGyOf1DR_f0zTRLY6ZijIPLaNCQTrD1VpF9SBuo4xqjkz1Rr35-8C-ZMCB_ZCL8Q/spc/SQ-umjyPW9Y12ur7Rt7NzpTEqXUITvM-NaB3diqvFuW3n0W-jg/vprv/1/reg/0/playlist_type/DVR/initcwndbps/2928750/met/1782665046,/mh/Yt/mm/44/mn/sn-ipoxu-umbk/ms/lva/mv/m/mvi/3/pcm2cms/yes/pl/24/rms/lva,lva/dover/11/pacing/0/keepalive/yes/fexp/51565116,51565682,52017147/mt/1782664357/sparams/expire,ei,ip,id,itag,source,requiressl,ratebypass,live,sgoap,sgovp,rqh,xpc,bui,spc,vprv,reg,playlist_type/sig/AHEqNM4wRgIhALtJ1l1a8QuLEcQl98C_GZXUavWmFdw2qAmosyKXoOM1AiEA9d_8plZAr2hfxo3wxfqZxgOiDrySkfAsU_l8GfqKLgI%3D/lsparams/hls_chunk_host,initcwndbps,met,mh,mm,mn,ms,mv,mvi,pcm2cms,pl,rms/lsig/APaTxxMwRgIhAKkgepxokSawXZZ2KzmKR5AdLzTqDeIB19vBEyYlNsXGAiEAhgJpDK6tIpDwiWWS1PQ-r8xlyCQTTYM4nDpXKL8YkSM%3D/playlist/index.m3u8","true","","","","true","single","0","0","0","200","","345",""
"live","youtube亞洲新聞-067-mediaonetv-live-1","067 MediaoneTV Live","youtube","","YouTube亞洲新聞","https://manifest.googlevideo.com/api/manifest/hls_playlist/expire/1782686655/ei/X09BavHYDuq32roPl4nX6Ag/ip/114.42.213.233/id/-8d8-c0yvyU.4/itag/94/source/yt_live_broadcast/requiressl/yes/ratebypass/yes/live/1/sgoap/gir%3Dyes%3Bitag%3D140/sgovp/gir%3Dyes%3Bitag%3D135/rqh/1/hls_chunk_host/rr5---sn-ipoxu-umby.googlevideo.com/xpc/EgVo2aDSNQ%3D%3D/bui/ARmQxEUJe_3-PWcOj7XQh1eDdwEE4OGuprzZedDzvEvEBTi9bgkJutwaMx2MR0NRIgBNZLGhCXpxbxRu/spc/SQ-umqqrEq3goAvmO9L14Q9N_CbuU2-LTwn44pz4_pBATxLiQw/vprv/1/reg/0/playlist_type/DVR/initcwndbps/2822500/met/1782665055,/mh/Rs/mm/44/mn/sn-ipoxu-umby/ms/lva/mv/m/mvi/5/pl/24/rms/lva,lva/dover/11/pacing/0/keepalive/yes/fexp/51565116,51565682,52017147/mt/1782664357/sparams/expire,ei,ip,id,itag,source,requiressl,ratebypass,live,sgoap,sgovp,rqh,xpc,bui,spc,vprv,reg,playlist_type/sig/AHEqNM4wRQIgWCfWVAtjrbAyMdOyLXkQa98Wc42pl31qNZshh9CJYLwCIQC18n8dZZqh9a0Jgto0aJyqZGJZ3wFWFzESguCprh6tbw%3D%3D/lsparams/hls_chunk_host,initcwndbps,met,mh,mm,mn,ms,mv,mvi,pl,rms/lsig/APaTxxMwRQIhAJwNb8O5UaW7sk_4ToLawGqm8xIfka9o9q5VA6mwVLlGAiByekREU8NtlLb8-DpIBHBshbRHuX4NZbNigNc-HD8ptQ%3D%3D/playlist/index.m3u8","true","","","","true","single","0","0","0","200","","630",""
"live","youtube亞洲新聞-070-malayalam-news-1","070 Malayalam News","youtube","","YouTube亞洲新聞","https://manifest.googlevideo.com/api/manifest/hls_playlist/expire/1782686662/ei/Zk9BauLcOOm52roPovfC8Ak/ip/114.42.213.233/id/1wECsnGZcfc.5/itag/94/source/yt_live_broadcast/requiressl/yes/ratebypass/yes/live/1/sgoap/gir%3Dyes%3Bitag%3D140/sgovp/gir%3Dyes%3Bitag%3D135/rqh/1/hls_chunk_host/rr4---sn-ipoxu-umbk.googlevideo.com/xpc/EgVo2aDSNQ%3D%3D/playlist_duration/30/manifest_duration/30/bui/ARmQxEWB7oQuYMZds2IONh39GYiwPO691rA_7-5gIHhLurhfWJulLd8JyLbZZrZY2XbFMZUAafgc7Yp-/spc/SQ-umgo52KhgOb-QAYsEZDGRvDoVHm3OlM1n-eKphiwKKg98GA/vprv/1/reg/0/playlist_type/DVR/initcwndbps/2928750/met/1782665063,/mh/2r/mm/44/mn/sn-ipoxu-umbk/ms/lva/mv/m/mvi/4/pl/24/rms/lva,lva/dover/11/pacing/0/keepalive/yes/fexp/51565116,51565681/mt/1782664357/sparams/expire,ei,ip,id,itag,source,requiressl,ratebypass,live,sgoap,sgovp,rqh,xpc,playlist_duration,manifest_duration,bui,spc,vprv,reg,playlist_type/sig/AHEqNM4wRQIhAMrRB6HfyiI1pEVDv8ZBy-FSya5E62dsP-Qai7VAeX9GAiAaFmdzH7iLPAM0oY-LsKMiJux5DDH-OMitd2wxQvPALQ%3D%3D/lsparams/hls_chunk_host,initcwndbps,met,mh,mm,mn,ms,mv,mvi,pl,rms/lsig/APaTxxMwRQIgE5fVKgrPchJ-GX3T0R2pgVkkdRiJ5hfj8-ku654K80MCIQDyJq3hTYjXnRHwsUj0kbpmiEtmwmcK1YsFpGip5Sr2fA%3D%3D/playlist/index.m3u8","true","","","","true","single","0","0","0","200","","388",""
"live","youtube亞洲新聞-071-arirang-tv-1","071 Arirang TV","youtube","","YouTube亞洲新聞","https://manifest.googlevideo.com/api/manifest/hls_playlist/expire/1782686665/ei/aU9Bao-2M4CNvcAPpb-tkQw/ip/114.42.213.233/id/CJVBX7KI5nU.8/itag/94/source/yt_live_broadcast/requiressl/yes/ratebypass/yes/live/1/sgoap/gir%3Dyes%3Bitag%3D140/sgovp/gir%3Dyes%3Bitag%3D135/rqh/1/hls_chunk_host/rr3---sn-ipoxu-umbk.googlevideo.com/xpc/EgVo2aDSNQ%3D%3D/playlist_duration/30/manifest_duration/30/bui/ARmQxEVQC44zDZfvg1-eu9OzSgG2cQbAE25huByi7yG-7D-5mC4NZug9X_yG9KtgZAMWEnptlC_ppfGT/spc/SQ-umv73ZVXr0SQXIz79tA3lrgCqlR0f93Ne5j390ec3OJItrA/vprv/1/reg/0/playlist_type/DVR/initcwndbps/2928750/met/1782665065,/mh/nI/mm/44/mn/sn-ipoxu-umbk/ms/lva/mv/m/mvi/3/pl/24/rms/lva,lva/dover/11/pacing/0/keepalive/yes/fexp/51565116,51565681,52017147/mt/1782664357/sparams/expire,ei,ip,id,itag,source,requiressl,ratebypass,live,sgoap,sgovp,rqh,xpc,playlist_duration,manifest_duration,bui,spc,vprv,reg,playlist_type/sig/AHEqNM4wRQIgc5D-1SAa37XxbU_juq7T7Clw2WAc9dZeZ-Zfx09_C4UCIQDkUTauMGxzicIK0og_9SZ-gD_GhveqmsRCLMLL-Nl5Sw%3D%3D/lsparams/hls_chunk_host,initcwndbps,met,mh,mm,mn,ms,mv,mvi,pl,rms/lsig/APaTxxMwRQIgaHo9qMBIvz3sb7l3QKLHqp14yfKtfkXj8W_kb2ovtXkCIQD_BOsFtmz0DWDEbQUtwCDg5YDkE88zuwd39PkcR2smTw%3D%3D/playlist/index.m3u8","true","","","","true","single","0","0","0","200","","177",""
"live","youtube亞洲新聞-072-htb北海道ニュース-1","072 HTB北海道ニュース","youtube","","YouTube亞洲新聞","https://manifest.googlevideo.com/api/manifest/hls_playlist/expire/1782686668/ei/bE9Bau3wI7HnpskP4cLq-AY/ip/114.42.213.233/id/tvgbZZYS4Nk.46/itag/94/source/yt_live_broadcast/requiressl/yes/ratebypass/yes/live/1/sgoap/gir%3Dyes%3Bitag%3D140/sgovp/gir%3Dyes%3Bitag%3D135/rqh/1/hls_chunk_host/rr2---sn-ipoxu-umby.googlevideo.com/xpc/EgVo2aDSNQ%3D%3D/playlist_duration/30/manifest_duration/30/bui/ARmQxEXXZt2lh--Hqq2hxYeRMBqo9Rq3kiOgTPAz4r3M8U49SUhDjjZDBYq4J45W9r8DCoVA_CDQz1QX/spc/SQ-umpfzWFa2L_fS53DE_-JqQRfJpwkQG8zVdjps3aEu9bE78g/vprv/1/reg/0/playlist_type/DVR/initcwndbps/2822500/met/1782665068,/mh/x_/mm/44/mn/sn-ipoxu-umby/ms/lva/mv/m/mvi/2/pl/24/rms/lva,lva/dover/11/pacing/0/keepalive/yes/fexp/51565115,51565681/mt/1782664357/sparams/expire,ei,ip,id,itag,source,requiressl,ratebypass,live,sgoap,sgovp,rqh,xpc,playlist_duration,manifest_duration,bui,spc,vprv,reg,playlist_type/sig/AHEqNM4wRgIhAJ38l-h-8Ff98F5c8xeNEL7PygZcD5qqlYaHtNs-kltBAiEA5z0D1iJEPnzKfuJOScK7ITrOO74WFKNr5zxNxoeTaE0%3D/lsparams/hls_chunk_host,initcwndbps,met,mh,mm,mn,ms,mv,mvi,pl,rms/lsig/APaTxxMwRgIhANynnj_Hj_DypJW6-04pzm7ONq6Ot9XQhYg6SbnAFPlOAiEAuQeI-xRF7CVBbqONJpYhVHXGJS74SFzx3kd9v8cr348%3D/playlist/index.m3u8","true","","","","true","single","0","0","0","200","","151",""
"live","youtube兒童動畫-077-muse木棉花-闔家歡-1","077 Muse木棉花-闔家歡","youtube","","YouTube兒童動畫","https://manifest.googlevideo.com/api/manifest/hls_playlist/expire/1782686682/ei/ek9Bata2LKSW1d8P_PySgA0/ip/114.42.213.233/id/Lh6xiMlkRrg.2/itag/94/source/yt_live_broadcast/requiressl/yes/ratebypass/yes/live/1/sgoap/gir%3Dyes%3Bitag%3D140/sgovp/gir%3Dyes%3Bitag%3D135/rqh/1/hls_chunk_host/rr3---sn-ipoxu-umbk.googlevideo.com/xpc/EgVo2aDSNQ%3D%3D/playlist_duration/30/manifest_duration/30/gcr/tw/bui/ARmQxEV0m8_3j0hO7bSmFgxl_BjOoQ_GCPN07ulGVWusbI7PWJlfkat3SRoR8tEYrl-t19cEtYK1RZrv/spc/SQ-umktL93rkptfZsxfkI6esBd5WPXGapdc2lk4G0x6ZR4QA-g/vprv/1/reg/0/playlist_type/DVR/initcwndbps/2928750/met/1782665082,/mh/s7/mm/44/mn/sn-ipoxu-umbk/ms/lva/mv/m/mvi/3/pl/24/rms/lva,lva/dover/11/pacing/0/keepalive/yes/fexp/51565115,51565682/mt/1782664357/sparams/expire,ei,ip,id,itag,source,requiressl,ratebypass,live,sgoap,sgovp,rqh,xpc,playlist_duration,manifest_duration,gcr,bui,spc,vprv,reg,playlist_type/sig/AHEqNM4wRAIgOW18ymTr4vZAO_Yr2Qqbgifwit5E_kfS1Wu_qMYPDLoCICE6X2Uia3h7oedUjrnJdBpsmvGkIbo3qgFgqfLNT-GG/lsparams/hls_chunk_host,initcwndbps,met,mh,mm,mn,ms,mv,mvi,pl,rms/lsig/APaTxxMwRAIgfdapsUGBJx9MV2crhH-dqstwrJbuMDuDsYi6l9NtYB4CIFXEqBHhVbC5EtcUahmkz-299HIHyGdWk5rpn25e5VtU/playlist/index.m3u8","true","","","","true","single","0","0","0","200","","203",""
"live","youtube文化紀實-085-tokyo-walk-1","085 Tokyo Walk","youtube","","YouTube文化紀實","https://manifest.googlevideo.com/api/manifest/hls_playlist/expire/1782686702/ei/jk9BavqpCsOH2roPwqzW2QU/ip/114.42.213.233/id/pcPhqxOUv8A.3/itag/94/source/yt_live_broadcast/requiressl/yes/ratebypass/yes/live/1/sgoap/gir%3Dyes%3Bitag%3D140/sgovp/gir%3Dyes%3Bitag%3D135/rqh/1/hls_chunk_host/rr2---sn-ipoxu-umbee.googlevideo.com/xpc/EgVo2aDSNQ%3D%3D/playlist_duration/30/manifest_duration/30/bui/ARmQxEVpekSs_x-iBkG07gpd2SHBiFV4TP496CaQuQxd6lEhkV63At0HhCfXd0lbi23NyrCs7PMLdzRN/spc/SQ-umgCywpXxTGiVN44g5Z7j0hrScI9GA2CuH30BoRbRY0g/vprv/1/reg/0/playlist_type/DVR/initcwndbps/2762500/met/1782665102,/mh/6u/mm/44/mn/sn-ipoxu-umbee/ms/lva/mv/m/mvi/2/pl/24/rms/lva,lva/dover/11/pacing/0/keepalive/yes/fexp/51565116,51565681,51946838/mt/1782664357/sparams/expire,ei,ip,id,itag,source,requiressl,ratebypass,live,sgoap,sgovp,rqh,xpc,playlist_duration,manifest_duration,bui,spc,vprv,reg,playlist_type/sig/AHEqNM4wRAIgYADsRJYKM908v6fxcHNbQzowZaL3guOSeD8p8zUmS7oCICaSNSYUD9hd9VCJhmd4rfZdu5WVJNWL7-Q5Bv-M13Kd/lsparams/hls_chunk_host,initcwndbps,met,mh,mm,mn,ms,mv,mvi,pl,rms/lsig/APaTxxMwRAIgVJiRBR5VqxE9Kel0sxi4naoeNrz_0ybajP1uMBJwKUwCIAzgTztyR9XvgOxhzzKJ0f6if-68Yvce4rBh4p0bOK14/playlist/index.m3u8","false","","","","true","single","0","0","0","200","","105","segment HTTP 403"
"live","youtube文化紀實-089-國會頻道1-1","089 國會頻道１","youtube","","YouTube文化紀實","https://manifest.googlevideo.com/api/manifest/hls_playlist/expire/1782686712/ei/mE9Bav-sHZ6Rpt8PkOSbkAg/ip/114.42.213.233/id/UQnVkK1kcDI.1/itag/94/source/yt_live_broadcast/requiressl/yes/ratebypass/yes/live/1/sgoap/gir%3Dyes%3Bitag%3D140/sgovp/gir%3Dyes%3Bitag%3D135/rqh/1/hls_chunk_host/rr4---sn-ipoxu-umbk.googlevideo.com/xpc/EgVo2aDSNQ%3D%3D/bui/ARmQxEVZs0s6K85_sSWm6e1KqQMRY11bVr_zqpQESFL1fGkxIl5MWPIAh1H3Q3zW644KfKfIeIWLUE3n/spc/SQ-umk0PGcmXQQim454DUcW1Wf5qJOwl6cj5v3gKZ0S_a6wrSw/vprv/1/reg/0/playlist_type/DVR/initcwndbps/2928750/met/1782665112,/mh/27/mm/44/mn/sn-ipoxu-umbk/ms/lva/mv/m/mvi/4/pl/24/rms/lva,lva/dover/11/pacing/0/keepalive/yes/fexp/51565116,51565682/mt/1782664357/sparams/expire,ei,ip,id,itag,source,requiressl,ratebypass,live,sgoap,sgovp,rqh,xpc,bui,spc,vprv,reg,playlist_type/sig/AHEqNM4wRQIgazdvv8zmp_TdqAHrjnJlB3578_qXp6nqgECDQ23PsDECIQCwvmZHBRveKKiXkokvGVU7RYTqVBI9esT7ad96BLsIDw%3D%3D/lsparams/hls_chunk_host,initcwndbps,met,mh,mm,mn,ms,mv,mvi,pl,rms/lsig/APaTxxMwRgIhAIvjVOnezNW3TeCEXRdQZq6pBs-7Wv8V7_wLnq63AFGoAiEA4JZjzInkfo49ZnjY_02JJYR6t_tvXOEtV-AXG5H0zSo%3D/playlist/index.m3u8","true","","","","true","single","0","0","0","200","","226",""
"live","youtube文化紀實-090-立法院會議-1","090 立法院會議","youtube","","YouTube文化紀實","https://manifest.googlevideo.com/api/manifest/hls_playlist/expire/1782686715/ei/m09Bar3kIt6Kpt8P5-Ts0Qs/ip/114.42.213.233/id/UQnVkK1kcDI.1/itag/94/source/yt_live_broadcast/requiressl/yes/ratebypass/yes/live/1/sgoap/gir%3Dyes%3Bitag%3D140/sgovp/gir%3Dyes%3Bitag%3D135/rqh/1/hls_chunk_host/rr4---sn-ipoxu-umbk.googlevideo.com/xpc/EgVo2aDSNQ%3D%3D/bui/ARmQxEVfiPLw2y-EZtXfLIX6UOpRFg56GMP21nssk6pEbCo-ndAw39667PvzmVi0TP4UW4t2fW5clVZe/spc/SQ-umqJPn37ck-AuZRj5Dt97qZbejTIss1ONgl8JkIthyITPNw/vprv/1/reg/0/playlist_type/DVR/initcwndbps/2928750/met/1782665115,/mh/27/mm/44/mn/sn-ipoxu-umbk/ms/lva/mv/m/mvi/4/pl/24/rms/lva,lva/dover/11/pacing/0/keepalive/yes/fexp/51565115,51565682/mt/1782664357/sparams/expire,ei,ip,id,itag,source,requiressl,ratebypass,live,sgoap,sgovp,rqh,xpc,bui,spc,vprv,reg,playlist_type/sig/AHEqNM4wRAIgaXZxIPukiqdKaJTw64QJiroBI6wcz5A8_KVvGYz-mTACICrrvaTv2ORqcg7EE9gn-e4_pkAf_Oh-miYRSmYmax0j/lsparams/hls_chunk_host,initcwndbps,met,mh,mm,mn,ms,mv,mvi,pl,rms/lsig/APaTxxMwRQIhAKtCZ70VxZ8stJxJDUOxG9UVhPZOsukoYVZhJ3biHT7VAiBW5QcBnvaQ-JkNsT4D4dcpEXiqQwTv1l8ZhBo04uORlQ%3D%3D/playlist/index.m3u8","true","","","","true","single","0","0","0","200","","203",""
"live","youtube音樂體育風景-092-the-k-pop-1","092 THE K-POP","youtube","","YouTube音樂體育風景","https://manifest.googlevideo.com/api/manifest/hls_playlist/expire/1782686720/ei/oE9Bao-nK4PH1d8P2dzWyQQ/ip/114.42.213.233/id/JVocS7Yftw8.3/itag/94/source/yt_live_broadcast/requiressl/yes/ratebypass/yes/live/1/sgoap/gir%3Dyes%3Bitag%3D140/sgovp/gir%3Dyes%3Bitag%3D135/rqh/1/hls_chunk_host/rr1---sn-ipoxu-umby.googlevideo.com/xpc/EgVo2aDSNQ%3D%3D/playlist_duration/30/manifest_duration/30/bui/ARmQxEXq_GloHiP2-PJUhpiPz_NEuAqPyQPbPybYgSmTyDp2jf-YebV1daR3kpe_VC1-ifH1zqw_ItVX/spc/SQ-umvp0uBgpyv3V3kWs-lBcg-7GjV9wazBS-UF0vl_3uhzD6w/vprv/1/reg/0/playlist_type/DVR/initcwndbps/2822500/met/1782665120,/mh/wS/mm/44/mn/sn-ipoxu-umby/ms/lva/mv/m/mvi/1/pl/24/rms/lva,lva/dover/11/pacing/0/keepalive/yes/fexp/51565116,51565682,52017147/mt/1782664357/sparams/expire,ei,ip,id,itag,source,requiressl,ratebypass,live,sgoap,sgovp,rqh,xpc,playlist_duration,manifest_duration,bui,spc,vprv,reg,playlist_type/sig/AHEqNM4wRAIgWD9HYVDhu6fytygbhm0aPxOvqiSXhuorGIpgRc54LeMCIBHOHqgP7oP_DhOnjQCDb2_igiQNavHJsIoCVLmdTVEu/lsparams/hls_chunk_host,initcwndbps,met,mh,mm,mn,ms,mv,mvi,pl,rms/lsig/APaTxxMwRAIgY6viY4T-Mo1gOT0EguGLOGkB4JsGXJHy-BjCp8KPJEoCIAwYD5pF2GKtfTvDRGZPszz98cSywS9lgjK8WfYDCDM5/playlist/index.m3u8","true","","","","true","single","0","0","0","200","","183",""
"live","youtube音樂體育風景-093-lofi-girl-1","093 Lofi Girl","youtube","","YouTube音樂體育風景","https://manifest.googlevideo.com/api/manifest/hls_playlist/expire/1782686723/ei/o09Barv4GePAvcAPkLWeuAk/ip/114.42.213.233/id/qGohtGC5Rtk.2/itag/94/source/yt_live_broadcast/requiressl/yes/ratebypass/yes/live/1/sgoap/gir%3Dyes%3Bitag%3D140/sgovp/gir%3Dyes%3Bitag%3D135/rqh/1/hls_chunk_host/rr2---sn-ipoxu-umby.googlevideo.com/xpc/EgVo2aDSNQ%3D%3D/bui/ARmQxEUOa8umakWkeumJ__JNRCFu6HD9qBI1WQ0d6QOasZ8MuzCrho0Ni09IcKXdimJHR1HIDK03QRYD/spc/SQ-umtIR5VcGdB_UOa270_BJ9JVsqfAR5jYK5KOoDwWUEa1Y-g/vprv/1/reg/0/playlist_type/DVR/initcwndbps/2822500/met/1782665123,/mh/eP/mm/44/mn/sn-ipoxu-umby/ms/lva/mv/m/mvi/2/pcm2cms/yes/pl/24/rms/lva,lva/dover/11/pacing/0/keepalive/yes/fexp/51565115,51565682,52017146/mt/1782664357/sparams/expire,ei,ip,id,itag,source,requiressl,ratebypass,live,sgoap,sgovp,rqh,xpc,bui,spc,vprv,reg,playlist_type/sig/AHEqNM4wRQIhAKpRLTjhxPIRNdv4CQ3BJCeHuKkDnVSjOXLqxXHsHcuSAiB0Yj8L5nvICcz6G_upiMi2T9OyIR_0lgyLb9x4GX3T7g%3D%3D/lsparams/hls_chunk_host,initcwndbps,met,mh,mm,mn,ms,mv,mvi,pcm2cms,pl,rms/lsig/APaTxxMwRQIhALF6OJO6_av9TZMwMBapD3ByLFSJzAgPBPggf8UURLzZAiAJfeF2lKfj5dCXZ5MX8G9xMGspU_m-IMGYTQ6G1HpC9A%3D%3D/playlist/index.m3u8","true","","","","true","single","0","0","0","200","","585",""
"live","youtube音樂體育風景-094-earthtv-1","094 earthTV","youtube","","YouTube音樂體育風景","https://manifest.googlevideo.com/api/manifest/hls_playlist/expire/1782686726/ei/pk9Bat2qKu2qpt8P9-WWuAw/ip/114.42.213.233/id/r1K7DyQn3jg.1/itag/94/source/yt_live_broadcast/requiressl/yes/ratebypass/yes/live/1/sgoap/gir%3Dyes%3Bitag%3D140/sgovp/gir%3Dyes%3Bitag%3D135/rqh/1/hls_chunk_host/rr5---sn-ipoxu-umbk.googlevideo.com/xpc/EgVo2aDSNQ%3D%3D/playlist_duration/30/manifest_duration/30/bui/ARmQxEVHWOOgIvNVVvUu6Hn69aEUWYi1-BhtWiTp_ueEPlRSAh8uGrDWwtUf2W6PiPv7P2sSjzZkgXhY/spc/SQ-umoYzaNtL6ojoo-7nA7RICUoYOOUacS9p9uyQy8tyMa6Pkw/vprv/1/reg/0/playlist_type/DVR/initcwndbps/2928750/met/1782665126,/mh/ut/mm/44/mn/sn-ipoxu-umbk/ms/lva/mv/m/mvi/5/pl/24/rms/lva,lva/dover/11/pacing/0/keepalive/yes/fexp/51565116,51565681/mt/1782664357/sparams/expire,ei,ip,id,itag,source,requiressl,ratebypass,live,sgoap,sgovp,rqh,xpc,playlist_duration,manifest_duration,bui,spc,vprv,reg,playlist_type/sig/AHEqNM4wRQIgBoSghWKzJo75o0T2NZEv3YVbx7bhlF5BR8TJlOvRS78CIQD42xSqaIwTPj89Q-vdRBDGQUYACkR9-2Jwh1gNAdO2Dg%3D%3D/lsparams/hls_chunk_host,initcwndbps,met,mh,mm,mn,ms,mv,mvi,pl,rms/lsig/APaTxxMwRQIhANMYD4-nTanK7dA-c7siq8n0XaGi4xuvVktHjEHKuZq7AiBUJHOA8QjMPkcKF3nJsk5mLg-HN_wsKAcS4BBI1hfjuw%3D%3D/playlist/index.m3u8","true","","","","true","single","0","0","0","200","","523",""
"live","youtube韓綜娛樂-096-sbs-running-man-1","096 SBS Running Man","youtube","","YouTube韓綜娛樂","https://manifest.googlevideo.com/api/manifest/hls_playlist/expire/1782686732/ei/rE9Bas6aLo6Qpt8P29Lm-AE/ip/114.42.213.233/id/lDcWeklf6DI.4/itag/94/source/yt_live_broadcast/requiressl/yes/ratebypass/yes/live/1/sgoap/gir%3Dyes%3Bitag%3D140/sgovp/gir%3Dyes%3Bitag%3D135/rqh/1/hls_chunk_host/rr1---sn-ipoxu-umbk.googlevideo.com/xpc/EgVo2aDSNQ%3D%3D/bui/ARmQxEVJfIOALVl5g-C5CCQTqspU6r_bOm-JfUZTQ1hAaNZH7jjL4gTI9ecYr9KxVcs_QyQqCyBenNfR/spc/SQ-umpVneQs32HWkGNfOjp7yBV2cHBEj6dEb1rHFz9nncCfiKw/vprv/1/reg/0/playlist_type/DVR/initcwndbps/2928750/met/1782665132,/mh/V9/mm/44/mn/sn-ipoxu-umbk/ms/lva/mv/m/mvi/1/pl/24/rms/lva,lva/dover/11/pacing/0/keepalive/yes/fexp/51565116,51565681/mt/1782664357/sparams/expire,ei,ip,id,itag,source,requiressl,ratebypass,live,sgoap,sgovp,rqh,xpc,bui,spc,vprv,reg,playlist_type/sig/AHEqNM4wRAIgIrf3hsBWsmaypBMhXuq-jf8ktC5tA1e9gelIfZmcz6UCICRrV3FBELxSxP3DTsiVvKf1h96k3ZvTPBfv2eKgiuF-/lsparams/hls_chunk_host,initcwndbps,met,mh,mm,mn,ms,mv,mvi,pl,rms/lsig/APaTxxMwRgIhALTVvZ6iTgGV0e3xiHfIYGSpo3gk5dT7dcvkPa6dmlzdAiEAi9Ud28M5LESN__TnVvX-x05bMO5uKdk6bHMbFQQioCE%3D/playlist/index.m3u8","true","","","","true","single","0","0","0","200","","253",""
"live","youtube台灣節目-097-飢餓遊戲-1","097 飢餓遊戲","youtube","","YouTube台灣節目","https://manifest.googlevideo.com/api/manifest/hls_playlist/expire/1782686735/ei/r09BaozJONerpt8P66LJkAo/ip/114.42.213.233/id/6TsaEYaKueE.1/itag/94/source/yt_live_broadcast/requiressl/yes/ratebypass/yes/live/1/sgoap/gir%3Dyes%3Bitag%3D140/sgovp/gir%3Dyes%3Bitag%3D135/rqh/1/hls_chunk_host/rr2---sn-ipoxu-umby.googlevideo.com/xpc/EgVo2aDSNQ%3D%3D/bui/ARmQxEVOsvteTPukSlkJo5fDtwRtmXONMNm8GnaaiA1RZ8TCo9luucPDMhH53Wm7YJGSOcBT3Sdc7P52/spc/SQ-umhQSAy8HG8Tw9y-4FnXRj0a7kLx8Uzr2NOXywtXtN9L8fA/vprv/1/reg/0/playlist_type/DVR/initcwndbps/2822500/met/1782665136,/mh/-7/mm/44/mn/sn-ipoxu-umby/ms/lva/mv/m/mvi/2/pcm2cms/yes/pl/24/rms/lva,lva/dover/11/pacing/0/keepalive/yes/fexp/51565116,51565681,52017147/mt/1782664357/sparams/expire,ei,ip,id,itag,source,requiressl,ratebypass,live,sgoap,sgovp,rqh,xpc,bui,spc,vprv,reg,playlist_type/sig/AHEqNM4wRgIhANzmkmsUTNvWK9A95_78h0L9_P2e6EycUTdNbUy0Tj8bAiEAuzOo9WYDrkY9qoXpVuRuR2Rq2RiFD9k0cwr7OEaaCv4%3D/lsparams/hls_chunk_host,initcwndbps,met,mh,mm,mn,ms,mv,mvi,pcm2cms,pl,rms/lsig/APaTxxMwRgIhANgK3IcR3rd88vtkV1P5aesnz1VTi5Q7_JCNNuUGhHj3AiEAywM1jO-OoLGQ7kfGvEFum-Vir919poJWa6AloCjQxjg%3D/playlist/index.m3u8","true","","","","true","single","0","0","0","200","","369",""
"live","youtube動漫台-101-muse-葬送的芙莉蓮馬拉松-1","101 Muse 葬送的芙莉蓮馬拉松","youtube","","YouTube動漫台","https://manifest.googlevideo.com/api/manifest/hls_playlist/expire/1782686745/ei/uE9BapCSPPeNpt8Pn_jMoQ8/ip/114.42.213.233/id/PxAQgmdBgug.1/itag/94/source/yt_live_broadcast/requiressl/yes/ratebypass/yes/live/1/sgoap/gir%3Dyes%3Bitag%3D140/sgovp/gir%3Dyes%3Bitag%3D135/rqh/1/hls_chunk_host/rr2---sn-ipoxu-umby.googlevideo.com/xpc/EgVo2aDSNQ%3D%3D/playlist_duration/30/manifest_duration/30/gcr/tw/bui/ARmQxEXu-AU1QtwBQdjRYVaBRMX3zVGbw-x_328R0MclAu6SCu11wwTrYfKxfgeFBFQ-XWCI1uG-FMDF/spc/SQ-ummiCD5SA7BuHiiYUWK1Sue7VyqVtGj_Wo5psaG8qTBiN7g/vprv/1/reg/0/playlist_type/DVR/met/1782665145,/mh/pZ/mm/44/mn/sn-ipoxu-umby/ms/lva/mv/u/mvi/2/pl/24/rms/lva,lva/dover/11/pacing/0/keepalive/yes/fexp/51565116,51565682/mt/1782664589/sparams/expire,ei,ip,id,itag,source,requiressl,ratebypass,live,sgoap,sgovp,rqh,xpc,playlist_duration,manifest_duration,gcr,bui,spc,vprv,reg,playlist_type/sig/AHEqNM4wRAIgdzFl9VjCtqU15KlswL8ckDGc_2ibt94D5Z5aX_CrTJoCID2uRbH9a5dvGtyGZ2ArbRb-Qd1CJ76zfudwEMrKSR4l/lsparams/hls_chunk_host,met,mh,mm,mn,ms,mv,mvi,pl,rms/lsig/APaTxxMwRQIhAO3gTbzlkxj2ns0SDUrv-Rovv-AHe80vr9vQpvcBOqvkAiBKQcMV6_2NfX_GGh5sLktidYyHBfSndhJ9CPnNIahc_w%3D%3D/playlist/index.m3u8","true","","","","true","single","0","0","0","200","","159",""
"live","youtube動漫台-105-muse-中華一番馬拉松-1","105 Muse 中華一番馬拉松","youtube","","YouTube動漫台","https://manifest.googlevideo.com/api/manifest/hls_playlist/expire/1782686751/ei/v09BasClFeievcAP7KzB8AE/ip/114.42.213.233/id/mRCXonM5ru8.2/itag/94/source/yt_live_broadcast/requiressl/yes/ratebypass/yes/live/1/sgoap/gir%3Dyes%3Bitag%3D140/sgovp/gir%3Dyes%3Bitag%3D135/rqh/1/hls_chunk_host/rr2---sn-ipoxu-umbk.googlevideo.com/xpc/EgVo2aDSNQ%3D%3D/playlist_duration/30/manifest_duration/30/gcr/tw/bui/ARmQxEUC66WFRElrysqXM5SR4yKP8ELAzqjxfPXMZRCJInp2O41gdtTJlFfgAZxWRXjCCfeJiWrowkJr/spc/SQ-umhr1xXN7GuUfO868MGSBe9eJaZueBRjguFY1AGXuKTjs8Q/vprv/1/reg/0/playlist_type/DVR/met/1782665151,/mh/aS/mm/44/mn/sn-ipoxu-umbk/ms/lva/mv/u/mvi/2/pl/24/rms/lva,lva/dover/11/pacing/0/keepalive/yes/fexp/51565116,51565681,52017146/mt/1782664589/sparams/expire,ei,ip,id,itag,source,requiressl,ratebypass,live,sgoap,sgovp,rqh,xpc,playlist_duration,manifest_duration,gcr,bui,spc,vprv,reg,playlist_type/sig/AHEqNM4wRAIgLN2SkFvIBaA5NXGGBjUP-Zs8bBSBeBY_UC3LPHwchh4CIESWpmZ8VBrktRF_8t4jOPbU_eY18aoIt-ji6u5v3pIV/lsparams/hls_chunk_host,met,mh,mm,mn,ms,mv,mvi,pl,rms/lsig/APaTxxMwRQIhAIcsud7XJJeJgAfLVpgNIPYsft86yLjiGIjWoQDhvZciAiAbnJhzux2yIbBnTOwah8kQupbFXs5nSxv7rt6DMRnrfQ%3D%3D/playlist/index.m3u8","true","","","","true","single","0","0","0","200","","117",""
"live","youtube動漫台-106-muse-我們這一家馬拉松-1","106 Muse 我們這一家馬拉松","youtube","","YouTube動漫台","https://manifest.googlevideo.com/api/manifest/hls_playlist/expire/1782686753/ei/wU9BaryyKp-X1d8Pi72KkAo/ip/114.42.213.233/id/e1gbvCkwxFE.2/itag/94/source/yt_live_broadcast/requiressl/yes/ratebypass/yes/live/1/sgoap/gir%3Dyes%3Bitag%3D140/sgovp/gir%3Dyes%3Bitag%3D135/rqh/1/hls_chunk_host/rr4---sn-ipoxu-umbee.googlevideo.com/xpc/EgVo2aDSNQ%3D%3D/playlist_duration/30/manifest_duration/30/gcr/tw/bui/ARmQxEWwbacDooIbovH62YRAhNvDnu_zVoIp6iFRR79oMgqz9XHjfPywfnk1iOd0uxXTQUSR294pekeq/spc/SQ-umqUfqllPD68sjjrkgx8Q9kvbBTZuZVolW5VIIJskU0TPTw/vprv/1/reg/0/playlist_type/DVR/met/1782665153,/mh/-Q/mm/44/mn/sn-ipoxu-umbee/ms/lva/mv/u/mvi/4/pl/24/rms/lva,lva/dover/11/pacing/0/keepalive/yes/fexp/51565115,51565682,52017147/mt/1782664589/sparams/expire,ei,ip,id,itag,source,requiressl,ratebypass,live,sgoap,sgovp,rqh,xpc,playlist_duration,manifest_duration,gcr,bui,spc,vprv,reg,playlist_type/sig/AHEqNM4wRQIgMXmQZu1dwnSBvV3nEOIx96vZGldcQRbh7CARS9v3WMYCIQCXG2-oTLWEiHytF1m56xQyAOk1uC-jztMMmOmt4VPMNw%3D%3D/lsparams/hls_chunk_host,met,mh,mm,mn,ms,mv,mvi,pl,rms/lsig/APaTxxMwRQIhAK7--5czE6hoSjIB2cnvDetyZ4fEe7n4uNel2bXQRoHCAiAmiZdHkzLit5rr72LpWyN9L8UcUmjuDxm1K0Uh23ojQQ%3D%3D/playlist/index.m3u8","true","","","","true","single","0","0","0","200","","109",""
"live","youtube電影劇集-120-filmrise-cheaters-劇集直播-1","120 FilmRise Cheaters 劇集直播","youtube","","YouTube電影劇集","https://manifest.googlevideo.com/api/manifest/hls_playlist/expire/1782686759/ei/x09BavywEbaSvcAPuIjLUQ/ip/114.42.213.233/id/1z_V6alJa2U.2/itag/94/source/yt_live_broadcast/requiressl/yes/ratebypass/yes/live/1/sgoap/gir%3Dyes%3Bitag%3D140/sgovp/gir%3Dyes%3Bitag%3D135/rqh/1/hls_chunk_host/rr3---sn-ipoxu-umbee.googlevideo.com/xpc/EgVo2aDSNQ%3D%3D/bui/ARmQxEW-vRe-vlC2wXUWrEGYfLHl0diCszTsTC_ssL1v4rwlZcETJ-pUFy5RAWgKVaSx1dAfRDcjMO4W/spc/SQ-umtITbS2-2D1ORXL8DEK7rrU2YuVH1tCZVEK3Nz8qw7yYJQ/vprv/1/reg/0/playlist_type/DVR/met/1782665159,/mh/rd/mm/44/mn/sn-ipoxu-umbee/ms/lva/mv/u/mvi/3/pl/24/rms/lva,lva/dover/11/pacing/0/keepalive/yes/fexp/51565115,51565681/mt/1782664589/sparams/expire,ei,ip,id,itag,source,requiressl,ratebypass,live,sgoap,sgovp,rqh,xpc,bui,spc,vprv,reg,playlist_type/sig/AHEqNM4wRAIgafqmUC84HW08hK3491Vrlv_HpaBuejIKY7ehRCpvLR4CIHsSZmijZujOY8C_50eCCgZUbA5XrnTFhpBeZsAxY3hZ/lsparams/hls_chunk_host,met,mh,mm,mn,ms,mv,mvi,pl,rms/lsig/APaTxxMwRAIgNctCnakvsOMRyzoS3dgdyXD7PDeUHUiPZK8AaW1WxWsCICuLLAabaoojdG-Zv8gsQRG1z436R7x6O8lcOsCg7LEa/playlist/index.m3u8","true","","","","true","single","0","0","0","200","","765",""
"live","youtube電影劇集-121-filmrise-dick-van-dyke劇集直播-1","121 FilmRise Dick Van Dyke劇集直播","youtube","","YouTube電影劇集","https://manifest.googlevideo.com/api/manifest/hls_playlist/expire/1782686762/ei/yk9BasyEFNWL1d8PhYSceA/ip/114.42.213.233/id/Y0vqwbt0A0w.2/itag/94/source/yt_live_broadcast/requiressl/yes/ratebypass/yes/live/1/sgoap/gir%3Dyes%3Bitag%3D140/sgovp/gir%3Dyes%3Bitag%3D135/rqh/1/hls_chunk_host/rr2---sn-ipoxu-umbk.googlevideo.com/xpc/EgVo2aDSNQ%3D%3D/bui/ARmQxEWo2Lef46TX9TnLn63sAo-xRgIa9FQ6nJ9Nmk3SEp5VAx35rQJCQwa42oHtTN08ArZAuq0u0do3/spc/SQ-umrzvHRst7lGMUXBY1jaASRoxX7UB_Z4OT_a1WfH591k/vprv/1/reg/0/playlist_type/DVR/met/1782665162,/mh/hl/mm/44/mn/sn-ipoxu-umbk/ms/lva/mv/u/mvi/2/pl/24/rms/lva,lva/dover/11/pacing/0/keepalive/yes/fexp/51565115,51565681,51946838/mt/1782664589/sparams/expire,ei,ip,id,itag,source,requiressl,ratebypass,live,sgoap,sgovp,rqh,xpc,bui,spc,vprv,reg,playlist_type/sig/AHEqNM4wRQIhAK1WHUhEKi6bByMnUrLdcnh0H1UuLX4L1DkvXyaGl8z6AiBhNeqZt1xSf3E0D0IulPRWkuCGjXbzXftuZCFehgQAFw%3D%3D/lsparams/hls_chunk_host,met,mh,mm,mn,ms,mv,mvi,pl,rms/lsig/APaTxxMwRQIhAKK9xj5UQHVHm3odwKKo-XQbxlgLyJssCFOyQGDJFmjIAiBJ0gu5GI-BKPeyQRrFfu6nYBd7l0FomqrNLl-c2ZfImA%3D%3D/playlist/index.m3u8","false","","","","true","single","0","0","0","200","","186","segment HTTP 403"
"live","youtube電影劇集-122-filmrise-unsolved-mysteries直播-1","122 FilmRise Unsolved Mysteries直播","youtube","","YouTube電影劇集","https://manifest.googlevideo.com/api/manifest/hls_playlist/expire/1782686765/ei/zU9Bau-YC9uNqL8PzumveA/ip/114.42.213.233/id/quxkJY6GYvY.4/itag/94/source/yt_live_broadcast/requiressl/yes/ratebypass/yes/live/1/sgoap/gir%3Dyes%3Bitag%3D140/sgovp/gir%3Dyes%3Bitag%3D135/rqh/1/hls_chunk_host/rr5---sn-ipoxu-umbk.googlevideo.com/xpc/EgVo2aDSNQ%3D%3D/playlist_duration/30/manifest_duration/30/bui/ARmQxEUZ3xMwFyyFrNCx-QBEa4aITGdVRUGRGKDn29ZMU3p-3nsGiJkfsokEi9lsUUcUCzgGwNTYJFGj/spc/SQ-umvuZllM2Li66exNByGQAy7QUvIkHuQAlo9FgoFVy_sdxlQ/vprv/1/reg/0/playlist_type/DVR/met/1782665165,/mh/1Q/mm/44/mn/sn-ipoxu-umbk/ms/lva/mv/u/mvi/5/pl/24/rms/lva,lva/dover/11/pacing/0/keepalive/yes/fexp/51565115,51565681,52017147/mt/1782664589/sparams/expire,ei,ip,id,itag,source,requiressl,ratebypass,live,sgoap,sgovp,rqh,xpc,playlist_duration,manifest_duration,bui,spc,vprv,reg,playlist_type/sig/AHEqNM4wRgIhANXUiGN8RlEbRTNihCBCNnV-QXXn825oB39BaHVoEBKGAiEAw9DdjmQSnb-QW_Fowb_XpkRyhvy04v_k4CWsIiEVD_I%3D/lsparams/hls_chunk_host,met,mh,mm,mn,ms,mv,mvi,pl,rms/lsig/APaTxxMwRQIhAJ6QbsDu2VWQIlYaXidWmLcotpyhrCieRh9KZzuN1PybAiBoYRZ4QOvNjPLQpYiytNJGhoZ9mBK3ru2BNB38lQN8MA%3D%3D/playlist/index.m3u8","true","","","","true","single","0","0","0","200","","354",""
"live","youtube電影劇集-123-filmrise-unsolved-mysteries全集-1","123 FilmRise Unsolved Mysteries全集","youtube","","YouTube電影劇集","https://manifest.googlevideo.com/api/manifest/hls_playlist/expire/1782686767/ei/z09BaorAMInVvcAPxLv3-As/ip/114.42.213.233/id/5CDcgYH0Ot0.2/itag/94/source/yt_live_broadcast/requiressl/yes/ratebypass/yes/live/1/sgoap/gir%3Dyes%3Bitag%3D140/sgovp/gir%3Dyes%3Bitag%3D135/rqh/1/hls_chunk_host/rr1---sn-ipoxu-umbee.googlevideo.com/xpc/EgVo2aDSNQ%3D%3D/bui/ARmQxEWWunaSItJ-aw2SenMNAcA_fYSb4NtwfQyAEa_ExvpNCwUwTMmNX5ZFkmDuj7YGTMrG98gjGq99/spc/SQ-umk0KVoTyiy_IFExmTL1scoISZVf5b0relVxNkkfLAiY/vprv/1/reg/0/playlist_type/DVR/met/1782665167,/mh/qj/mm/44/mn/sn-ipoxu-umbee/ms/lva/mv/u/mvi/1/pl/24/rms/lva,lva/dover/11/pacing/0/keepalive/yes/fexp/51565116,51565682,51946838/mt/1782664589/sparams/expire,ei,ip,id,itag,source,requiressl,ratebypass,live,sgoap,sgovp,rqh,xpc,bui,spc,vprv,reg,playlist_type/sig/AHEqNM4wRQIgawcFMHHCYVsbdalmz_KfHwqFHLWJEs_SCRb7NM5za5sCIQCcI2NGL_6K1o0RK2Wlwd639MqgGSDZ_ip3dxlxLWrPxA%3D%3D/lsparams/hls_chunk_host,met,mh,mm,mn,ms,mv,mvi,pl,rms/lsig/APaTxxMwRQIhAJ-DCDvIppv3WJXWOLkQiBJXSrslvybABZbNgudogJiVAiABxEOOo7freyMrNZYrjAaSywPdKDES_LInf1xjMOGmwg%3D%3D/playlist/index.m3u8","false","","","","true","single","0","0","0","200","","141","segment HTTP 403"
"live","youtube電影劇集-124-filmrise-cheaters全集-1","124 FilmRise Cheaters全集","youtube","","YouTube電影劇集","https://manifest.googlevideo.com/api/manifest/hls_playlist/expire/1782686770/ei/0k9BavXxNMTk2roPj6za0Qk/ip/114.42.213.233/id/4oqyCiX-93Q.4/itag/94/source/yt_live_broadcast/requiressl/yes/ratebypass/yes/live/1/sgoap/gir%3Dyes%3Bitag%3D140/sgovp/gir%3Dyes%3Bitag%3D135/rqh/1/hls_chunk_host/rr3---sn-ipoxu-umbk.googlevideo.com/xpc/EgVo2aDSNQ%3D%3D/bui/ARmQxEWCr4t-lX7c6nKWkxt6IhBJ6D2N-k7DRpQ0M-J9UIuDmJyP3o9ISocnMXeXeIjRxitEvW3oCm4j/spc/SQ-umkCg0q-KAULRxQmunCQVjwPVDu5-ORy8_6FpXXMJUiScVg/vprv/1/reg/0/playlist_type/DVR/met/1782665170,/mh/lv/mm/44/mn/sn-ipoxu-umbk/ms/lva/mv/u/mvi/3/pcm2cms/yes/pl/24/rms/lva,lva/dover/11/pacing/0/keepalive/yes/fexp/51565116,51565682/mt/1782664589/sparams/expire,ei,ip,id,itag,source,requiressl,ratebypass,live,sgoap,sgovp,rqh,xpc,bui,spc,vprv,reg,playlist_type/sig/AHEqNM4wRQIhALIZZpzwHpuxM2G3IO4yPirADbD5bM6tHXmEOw_q7IJqAiBwytKEaNfdX9uOg0QVud3D1iEvPaT8etB6sspzrhwjDQ%3D%3D/lsparams/hls_chunk_host,met,mh,mm,mn,ms,mv,mvi,pcm2cms,pl,rms/lsig/APaTxxMwRQIgFcDWmfsEtDKX9kOUpb5Wl1NtzkgIxZRwzAII-lEsp8gCIQC1_dRbthZXk7RPVjCW2nfLlKGwaz34ItdwgBxQqUCo3Q%3D%3D/playlist/index.m3u8","true","","","","true","single","0","0","0","200","","474",""
