"key","name","itemCount","playableCount","candidateCount","sampleTitle","sampleUpdatedAt","playbackUrl","ok","qualityOk","qualityLabel","maxHeight","maxBandwidth","variants","status","elapsedMs","error"
"爱奇艺","爱奇艺｜追劇","61624","61624","20","当橘子掉落时","2026-06-17 23:46:28","https://play.ly166.com:65/videos/20260514/6a0555ee80eee9b955aa645c/aa08f9/index.m3u8","true","true","single","0","0","0","200","1813",""
"豆瓣资源","豆瓣资源｜追劇","130201","130200","20","爱情有烟火","2026-06-17 22:58:56","https://vodcnd15.oag7h.com/20260615/GOZLexuD/index.m3u8","true","true","1080p","1080","2172000","1","200","5971",""
"天涯资源","天涯资源｜追劇","55853","55853","20","欢迎来到实力至上主义教室第四季","2026-06-17 23:36:24","https://tyyszywvod2.com/videos/202604/02/69cd30583d69b2ec91c58d57/g7b3f3/index.m3u8","true","true","single","0","0","0","200","2956",""
"黑料资源","🔞 黑料资源｜追劇","93268","93268","20","JUQ-944-C 寝取らせ串刺し輪姦 愛する妻を深奥まで犯し尽くして下さい―。","2026-06-17 13:15:04","https://bf.qugt.com:65/videos/20260616/6a322afe7ff3dac0dfcd959e/4fd662/index.m3u8","true","true","single","0","0","0","200","2507",""
"精品资源","🔞 精品资源｜追劇","43740","43740","20","操完女友操闺蜜","2026-06-18 00:31:36","https://jpxm3u8.com/20260617/f4Dnn9Sm/index.m3u8","true","true","724p","724","2000000","1","200","1309",""
"155-资源","🔞 155-资源｜追劇","172597","172597","20","带回家做爱 来我家搞吧 21 素人ホイホイ-妄想族","2026-06-17 09:26:50","https://2605.v155p.com/20260616/4MmDLWEb/index.m3u8","true","false","406p","406","1000000","1","200","3578","playback reachable but below preferred quality probe threshold"
"茅台资源","茅台资源｜追劇","131485","131483","20","爱情有烟火","2026-06-17 22:55:45","https://vodcnd03.myqqdd.com/20260615/FQLQxlPh/index.m3u8","true","true","1080p","1080","2172000","1","200","1663",""
"iKun资源","iKun资源｜追劇","65587","65587","20","溜掉的大鱼比不上自己钓到的鱼","2026-06-17 23:49:11","https://bfikuncdn.com/20260402/bA65z3wp/index.m3u8","true","true","1080p","1080","1987000","1","200","2097",""
"电影天堂","电影天堂｜追劇","81886","81886","20","关于虽然逃走的鱼很大、但钓上来的鱼却太大了这件事","2026-06-18 00:27:50","https://vip.dytt-tvs.com/20260402/15024_1c09cec8/index.m3u8","true","true","1080p","1080","800000","1","200","2316",""
"猫眼资源","猫眼资源｜追劇","33055","33055","20","陈腔滥调","2026-06-17 22:05:40","https://play.maoyanplay.top/20260525/t7IZC9jm/index.m3u8","true","false","576p","576","751000","1","200","3867","playback reachable but below preferred quality probe threshold"
"量子资源","量子资源｜追劇","136553","136553","20","百味人生","2026-06-18 00:17:30","https://v.lzcdn25.com/20250823/4889_c5af32f2/index.m3u8","true","false","608p","608","800000","1","200","3043","playback reachable but below preferred quality probe threshold"
"360资源","360 资源｜追劇","63762","63762","20","永不改变！","2026-06-17 23:55:02","https://vod1.maowushi.com/20260617/nQeB7siU/index.m3u8","true","true","1080p","1080","2184000","1","200","2928",""
"魔都资源","魔都资源｜追劇","82950","82950","20","溜掉的大鱼比不上自己钓到的鱼","2026-06-17 23:52:42","https://play.modujx11.com/20260402/yVzRV1Vd/index.m3u8","true","true","1080p","1080","1987000","1","200","4158",""
"非凡资源","非凡资源｜追劇","96516","96516","20","关于虽然逃走的鱼很大、但钓上来的鱼却太大了这件事","2026-06-17 23:50:12","https://vip.ffzy-plays.com/20260401/51967_91e2ca1e/index.m3u8","true","true","1080p","1080","800000","1","200","3025",""
"暴风资源","暴风资源｜追劇","144430","144430","20","这不是一个谋杀谜团","2026-06-18 00:33:27","https://v10.baofeng10.com/video/zhebushiyigemoushamituan/d6f511fcea2c/index.m3u8","true","true","single","0","0","0","200","657",""
"最大资源","最大资源｜追劇","118483","118483","20","转过头帮你擦眼泪","2026-06-17 23:34:54","https://v6.zuidazym3u8.com/yyv6/202606/17/LqyDpXXwa527/video/index.m3u8","true","true","1080p","1080","128","1","200","1878",""
"无尽资源","无尽资源｜追劇","110509","110509","20","撕夜成瘾第二季","2026-06-18 00:33:37","https://v12.ppqrrs.com/wjv12/202606/17/aW2XVtBbau91/video/index.m3u8","true","true","1280p","1280","128","1","200","2452",""
"新浪资源","新浪资源｜追劇","104528","104430","20","再次为你","2026-06-18 00:03:02","https://play.xluuss.com/play/elYx1JJa/index.m3u8","true","true","1080p","1080","4096000","1","200","1030",""
"速播资源","速播资源｜追劇","104974","104396","20","再次为你","2026-06-18 00:32:26","https://play.xluuss.com/play/elYx1JJa/index.m3u8","true","true","1080p","1080","4096000","1","200","833",""
"飘零资源","飘零资源｜追劇","94496","83274","20","娱乐百分百","2026-06-18 00:20:04","https://v5.ppqrrs.com/wjv5/202308/28/mtiJ1a2W9E1/video/index.m3u8","true","true","720p","720","128","1","200","1339",""
"U酷影视","U酷影视｜追劇","53449","53449","20","只许你乖","2026-06-17 23:50:44","https://ukzyvod3.ukubf5.com/20260617/G2InVRqc/index.m3u8","true","true","2274p","2274","2000000","1","200","1123",""
"光速资源","光速资源｜追劇","104668","104668","20","再次为你","2026-06-18 00:04:02","https://v.gsuus.com/play/bkR81GYa/index.m3u8","true","true","1080p","1080","4096000","1","200","1608",""
"红牛资源","红牛资源｜追劇","104002","104002","20","再次为你","2026-06-18 00:04:03","https://hn.bfvvs.com/play/ejRZ1Eze/index.m3u8","true","true","1080p","1080","4096000","1","200","903",""
"魔都动漫","魔都动漫｜追劇","82950","82950","20","溜掉的大鱼比不上自己钓到的鱼","2026-06-17 23:52:42","https://play.modujx11.com/20260402/yVzRV1Vd/index.m3u8","true","true","1080p","1080","1987000","1","200","350",""
"如意资源","如意资源｜追劇","77814","77814","20","转生成自动贩卖机的我今天也在迷宫徘徊第三季","2026-06-18 00:33:13","https://cdn.ryplay12.com/20260401/34459_df9202ef/index.m3u8","true","false","608p","608","800000","1","200","1615","playback reachable but below preferred quality probe threshold"
"豪华资源","豪华资源｜追劇","103934","103934","20","再次为你","2026-06-18 00:06:01","https://play.hhuus.com/play/en5x1LDd/index.m3u8","true","true","1080p","1080","4096000","1","200","554",""
"百度云zy","百度云zy｜追劇","46844","46844","20","转过头帮你擦眼泪","2026-06-18 00:12:04","https://b3.bdzybf22.com/videos/202606/17/6a324d65a877afefc021c539/1e928d/index.m3u8","true","true","single","0","0","0","200","2823",""
"艾旦影视","艾旦影视｜追劇","167847","167842","20","似火年华","2026-06-18 00:01:26","https://v9.ppqrrs.com/wjv9/202606/15/HJfM7nPdY786/video/index.m3u8","true","true","720p","720","129","1","200","2520",""
"量子影视","量子影视｜追劇","136553","136553","20","百味人生","2026-06-18 00:17:30","https://v.lzcdn25.com/20250823/4889_c5af32f2/index.m3u8","true","false","608p","608","800000","1","200","2388","playback reachable but below preferred quality probe threshold"
"最大点播","最大点播｜追劇","118337","118221","20","转过头帮你擦眼泪","2026-06-17 23:34:54","https://v6.zuidazym3u8.com/yyv6/202606/17/LqyDpXXwa527/video/index.m3u8","true","true","1080p","1080","128","1","200","1518",""
"无尽影视","无尽影视｜追劇","110509","110509","20","撕夜成瘾第二季","2026-06-18 00:33:37","https://v12.ppqrrs.com/wjv12/202606/17/aW2XVtBbau91/video/index.m3u8","true","true","1280p","1280","128","1","200","2406",""
"优质资源","优质资源｜追劇","93916","93914","20","半生惊梦，一遇情深","2026-06-18 00:33:19","https://player.yzzyssvip-36.com/20260617/20524_f719b9d7/index.m3u8","true","true","1280p","1280","800000","1","200","3008",""
"虎牙资源","虎牙资源｜追劇","103830","103252","20","再次为你","2026-06-18 00:06:02","https://1080p.huyall.com/play/bmZO5KAd/index.m3u8","true","true","1080p","1080","4096000","1","200","2082",""
"鸭鸭资源","鸭鸭资源｜追劇","116492","116492","20","转过头帮你擦眼泪","2026-06-17 23:37:58","https://v6.rstuuv.com/yyv6/202606/17/LqyDpXXwa527/video/index.m3u8","true","true","1080p","1080","128","1","200","1800",""
"索尼资源","索尼资源｜追劇","135575","135575","20","年年岁岁","2026-06-18 00:24:31","https://v13.rstu6.com/202606/17/ZNyWvyARBV27/video/index.m3u8","true","true","1080p","1080","128","1","200","1869",""
"快车资源","快车资源｜追劇","119887","119887","20","转过头帮你擦眼泪","2026-06-17 23:36:43","https://v6.kuaichezym3u8.com/yyv6/202606/17/LqyDpXXwa527/video/index.m3u8","true","true","1080p","1080","128","1","200","1925",""
"闪电资源","闪电资源｜追劇","118191","118191","20","转过头帮你擦眼泪","2026-06-17 23:29:34","https://v6.qqqrst.com/yyv6/202606/17/LqyDpXXwa527/video/index.m3u8","true","true","1080p","1080","128","1","200","8010",""
"樱花资源","樱花资源｜追劇","98128","98128","20","重生，从寄人篱下开始","2026-06-17 15:00:26","https://vod12.wgslsw.com/20260617/KDkkWwdvcx97/index.m3u8","true","true","single","0","0","0","200","1409",""
"麻豆视频","🔞 麻豆视频｜追劇","34794","34794","20","麻豆映画传媒.MD0022.司徒丹妮.与同事的秘密性爱","2026-06-17 21:17:40","https://t33.cdn2020.com/video/m3u8/2020/05/27/e7bda2a7/index.m3u8","true","true","single","0","0","0","200","907",""
"AIvin","🔞 AIvin｜追劇","314152","314152","20","DAHLIA 小野夕子 人妻穿高级内衣勾引处女 丈夫不在脱胸罩狂玩","2026-06-17 04:54:24","https://2606.lbsl2026.com/20260615/UHP0RMkQ/index.m3u8","true","true","720p","720","2000000","1","200","3348",""
"玉兔资源","🔞 玉兔资源｜追劇","194083","194083","20","[完全POV] 和哥哥吵架的嫂子来到我家，无法抗拒我毫无防备的身体…我最终多次射在她体内。 永野鈴 ビーフリー","2026-06-17 09:52:50","https://lsbbf10.com/20260616/Lw8k8Xwo/index.m3u8","true","true","406p","406","1500000","1","200","5324",""
"番号资源","🔞 番号资源｜追劇","215605","215605","20","极品双女蕾丝边！骚穴被舔弄到潮吹不止，敏感体质彻底沦陷","2026-06-17 03:37:47","https://2605.fhbbff.com/20260613/iq7tFWeH/index.m3u8","true","false","406p","406","1000000","1","200","5116","playback reachable but below preferred quality probe threshold"
"老色逼","🔞 老色逼｜追劇","194083","194083","20","[完全POV] 和哥哥吵架的嫂子来到我家，无法抗拒我毫无防备的身体…我最终多次射在她体内。 永野鈴 ビーフリー","2026-06-17 09:52:50","https://lsbbf10.com/20260616/Lw8k8Xwo/index.m3u8","true","true","406p","406","1500000","1","200","4568",""
"小鸡资源","🔞 小鸡资源｜追劇","80347","80347","20","Mia Bluebird's Foot Fetish Video (1)","2026-06-17 14:30:36","https://xjzym3u-api.cdn-xj.cc/mov/uphls/2026-05-21/mpf6xhz1/azrgzffb.m3u8","true","true","single","0","0","0","200","1582",""
"黄色仓库","🔞 黄色仓库｜追劇","58642","58642","20","VEMA-246 【中文】在同一家公司工作的社长秘书妻子~在我工作的时候在社长室里被中出到不行~十束流羽","2026-06-17 23:40:56","https://hsm3.hwzcfz.com/a3/20260617/ldf5OHrz/index.m3u8","true","true","720p","720","2000000","1","200","3314",""
"jkun资源","🔞 jkun资源｜追劇","124088","124088","20","HEYZO 3317 初めての温泉旅行（有里さん） – 有里","2026-06-17 09:52:16","https://jkhabkrqjbj.com/20260616/MY12Vu3F/index.m3u8","true","true","1080p","1080","2000000","1","200","2108",""
"乐播资源","🔞 乐播资源｜追劇","314152","314152","20","DAHLIA 小野夕子 人妻穿高级内衣勾引处女 丈夫不在脱胸罩狂玩","2026-06-17 04:54:24","https://2606.lbsl2026.com/20260615/UHP0RMkQ/index.m3u8","true","true","720p","720","2000000","1","200","2666",""
"奶香资源","🔞 奶香资源｜追劇","167964","167964","20","MADV-617 叔父の巨根を溺愛！！無防備が過ぎる巨乳な姪の過激誘惑！！全裸よりSKBな透明バニー痴女のイキま","2026-06-17 09:51:48","https://vostrely.com/20260616/67HSttER/index.m3u8","true","true","720p","720","2000000","1","200","1410",""
"森林资源","🔞 森林资源｜追劇","238722","238722","20","惠惠英雄 03 素人ホイホイ-妄想族","2026-06-17 09:52:05","https://2606.senlin2026.com/20260616/2P76FSiA/index.m3u8","true","true","720p","720","2000000","1","200","3593",""
"辣椒资源","🔞 辣椒资源｜追劇","212239","212239","20","HEYZO 3312 さくらみな失禁潮吹！巨乳被干到喷水","2026-06-17 04:37:36","https://2605.lajiao2026.com/20260614/9KNvKvSh/index.m3u8","true","false","406p","406","1000000","1","200","4568","playback reachable but below preferred quality probe threshold"
"豆豆资源","🔞 豆豆资源｜追劇","51887","51887","20","拉刚成年的表妹下海【茜茜酱】小骚货拉18岁大奶表妹下海 给自己男朋友干 无套切换 被男友无套双飞 (5)","2026-06-17 21:46:53","https://v.didiv26.com/20260617/eFBML75D/index.m3u8","true","true","1280p","1280","1000000","1","200","2107",""
"滴滴资源","🔞 滴滴资源｜追劇","41035","41035","20","模特级顶级大长腿！红边黑丝诱惑【老师你水好多】强制深喉口交 骑乘位无套啪啪爽6 (2)","2026-06-17 22:05:04","https://v.didiv26.com/20260617/XZ1oVJZh/index.m3u8","true","true","1280p","1280","1000000","1","200","1305",""
"百万资源","🔞 百万资源｜追劇","95069","95069","20","【洛洛幻想屋】刺激对白外卖员勾引大冒险,勾引外卖员榨精口交做爱","2026-06-02 03:00:22","https://jpxm3u8.com/20260531/roNtQ7lB/index.m3u8","true","true","720p","720","2000000","1","200","1140",""
"桃花资源","🔞 桃花资源｜追劇","129623","129623","20","【叔嫂】乱伦大屁股嫂子对白淫荡","2026-06-18 00:36:19","https://thm3u8.vip/local/20260617/gJoGtXfj/index.m3u8","true","true","720p","720","2000000","1","200","997",""
"CK-资源","🔞 CK-资源｜追劇","7104","7104","20","E杯饱满乳房浸湿的年糕捣","2026-06-17 01:53:40","https://ckzy3.com/20260608/iw0l1LyO/index.m3u8","true","true","720p","720","2000000","1","200","2234",""
"souavZY","🔞 souavZY｜追劇","120329","120329","20","【妈味十足】小妈的肉体阴谋 最骚不过后妈 性瘾小妈主动引诱儿子操穴榨精中出 北野爱","2026-06-17 19:05:42","https://bf3.qrtuv.com/smv1/202412/13/J7WZVHJAkb1/video/index.m3u8","true","true","720p","720","128","1","200","2827",""
"细胞资源","🔞 细胞资源｜追劇","17865","17865","20","极品大奶白虎萝莉被下药，无套抽插内射粉嫩骚穴..","2026-06-17 23:57:43","https://gakkxx.top/video/m3u8/202606/17/5e0128d63b75/playlist.m3u8","true","true","single","0","0","0","200","1634",""
"美少女","🔞 美少女｜追劇","23792","23792","20","粉色性感内衣美少妇 new","2026-06-18 00:30:03","https://video3.msn17.com/video/20210928/bfc267cedb918b9111e4faa8418a6934/index.m3u8","true","true","single","0","0","0","200","1538",""
"黄AVZY","🔞 黄AVZY｜追劇","22671","22671","20","Babes Full SiteRip WEB-DL 2 0 H 264-sweety~Scenes~babes gg abigail ashley vid02 dc101114 6000 new","2026-06-18 00:30:06","https://video21.hav36.com/video/20220412/2381e6f40b2df48029aa5a73629b29a5/index.m3u8","true","true","single","0","0","0","200","1578",""
"白嫖资源","🔞 白嫖资源｜追劇","22505","22505","20","【中国人不骗中国人】，中场休息，纯欲天花板女神，口交后入，极品模特身材，小仙女妩媚诱惑，超清画质 new","2026-06-18 00:30:05","https://video11.bpzy1.com/video/20211212/cbe79548aa151663890c15ba325fe0c8/index.m3u8","true","true","single","0","0","0","200","2163",""
"杏吧资源","🔞 杏吧资源｜追劇","93261","93261","20","私拍泄密约战手机行上班的年轻妹子小只马萝莉身材可爱型一镜到底全程露脸极品粉嫩私处又紧又小","2026-06-17 01:10:04","https://pic6.sex8sex866.com/20260615/tTObXnxw/index.m3u8","true","true","720p","720","1402000","1","200","1294",""
"大地资源","🔞 大地资源｜追劇","259459","259459","20","HEYZO 3312 さくらみな失禁狂潮！爆操到喷尿骚穴抽搐","2026-06-17 04:07:46","https://2605.dadi2026.com/20260614/9KNvKvSh/index.m3u8","true","false","406p","406","1000000","1","200","4055","playback reachable but below preferred quality probe threshold"
"奥斯卡","🔞 奥斯卡｜追劇","183281","183281","20","水菜麗--MVBD-115 絶品お姉様×アナルSEXイイ女のイイ尻穴8時間","2026-06-17 10:00:53","https://kjbwhcnao.com/20260616/YPMWcxXj/index.m3u8","true","true","718p","718","2000000","1","200","3564",""
"金鹰点播","金鹰点播｜追劇","104348","104348","20","关于虽然逃走的鱼很大、但钓上来的鱼却太大了这件事","2026-06-04 00:02:02","https://hd.ijycnd.com/play/e312gnnb/index.m3u8","true","true","1080p","1080","4096000","1","200","1605",""
"鲨鱼资源","🔞 鲨鱼资源｜追劇","265670","265670","20","小野夕子 人妻巨乳勾引处女 客厅狂干内射","2026-06-17 03:06:35","https://2606.sysl2026.com/20260615/UHP0RMkQ/index.m3u8","true","true","720p","720","2000000","1","200","3025",""
"闪电影视","闪电影视｜追剧","118191","118191","20","转过头帮你擦眼泪","2026-06-17 23:29:34","https://v6.qqqrst.com/yyv6/202606/17/LqyDpXXwa527/video/index.m3u8","true","true","1080p","1080","128","1","200","5002",""
"牛牛影视","牛牛影视｜追剧","118483","118483","20","转过头帮你擦眼泪","2026-06-17 23:33:28","https://v6.gghijk.com/yyv6/202606/17/LqyDpXXwa527/video/index.m3u8","true","true","1080p","1080","128","1","200","2629",""
"雲飛影视","雲飛影视｜追劇","136555","136555","20","租借女友第五季","2026-06-18 00:37:10","https://v.lzcdn27.com/20260408/8386_970ca982/index.m3u8","true","false","608p","608","800000","1","200","1897","playback reachable but below preferred quality probe threshold"
"火狐","火狐影视｜追剧","103934","103934","20","再次为你","2026-06-18 00:06:01","https://play.hhuus.com/play/en5x1LDd/index.m3u8","true","true","1080p","1080","4096000","1","200","928",""
"API_如意","如意影视｜追剧","78116","78116","20","租借女友第五季","2026-06-18 00:34:55","https://cdn.ryplay12.com/20260408/34698_757b36e1/index.m3u8","true","false","608p","608","800000","1","200","1847","playback reachable but below preferred quality probe threshold"
"cj_360资源","360丨短剧｜追劇","63772","63772","20","溜掉的大鱼比不上自己钓到的鱼","2026-06-17 23:54:22","https://vod1.maowushi.com/20260402/eCFjf2rU/index.m3u8","true","true","1080p","1080","1987000","1","200","2227",""
"大地采集","🔞 大地av｜18+","259515","259515","20","HEYZO 3312 さくらみな失禁狂潮！爆操到喷尿骚穴抽搐","2026-06-17 04:07:46","https://2605.dadi2026.com/20260614/9KNvKvSh/index.m3u8","true","false","406p","406","1000000","1","200","455","playback reachable but below preferred quality probe threshold"
"黄色仓库|AV","🔞 黄色仓库(旧)｜18+","58642","58642","20","VEMA-246 【中文】在同一家公司工作的社长秘书妻子~在我工作的时候在社长室里被中出到不行~十束流羽","2026-06-17 23:40:56","https://hsm3.hwzcfz.com/a3/20260617/ldf5OHrz/index.m3u8","true","true","720p","720","2000000","1","200","2470",""
"fqzy资源","🔞 国产资源｜18+","99412","99412","20","DASS-687 【高抬腿特輯】為了結束學校裡最可愛、最狠毒的女孩的生命，我讓她變成了一個呻吟的性奴隸。倉本堇 - 倉本すみれ","2026-06-17 00:38:44","https://fqm3u8.top/20251223/QTIJmdxR/index.m3u8","true","true","720p","720","2001000","1","200","482",""
